file_name,person_id,video_id,location_name
No Interest (1415),1,V0027,Alif Store
No Interest (1445),1,V0027,Alif Store
No Interest (1475),1,V0027,Alif Store
No Interest (1505),1,V0027,Alif Store
No Interest (1535),1,V0027,Alif Store
No Interest (1565),1,V0027,Alif Store
No Interest (1595),1,V0027,Alif Store
No Interest (1625),1,V0027,Alif Store
No Interest (1655),1,V0027,Alif Store
No Interest (1682),1,V0028,Alif Store
No Interest (1712),1,V0028,Alif Store
No Interest (1742),1,V0028,Alif Store
No Interest (1772),1,V0028,Alif Store
No Interest (1802),1,V0028,Alif Store
No Interest (1832),1,V0028,Alif Store
No Interest (1862),1,V0028,Alif Store
No Interest (1891),1,V0028,Alif Store
No Interest (1921),1,V0028,Alif Store
No Interest (1923),1,V0029,Alif Store
No Interest (1952),1,V0029,Alif Store
No Interest (1982),1,V0029,Alif Store
No Interest (2012),1,V0029,Alif Store
No Interest (2042),1,V0029,Alif Store
No Interest (2072),1,V0029,Alif Store
No Interest (2102),1,V0029,Alif Store
No Interest (2132),1,V0029,Alif Store
No Interest (2162),1,V0029,Alif Store
No Interest (2180),1,V0030,Alif Store
No Interest (2210),1,V0030,Alif Store
No Interest (2240),1,V0030,Alif Store
No Interest (2270),1,V0030,Alif Store
No Interest (2300),1,V0030,Alif Store
No Interest (2330),1,V0030,Alif Store
No Interest (2360),1,V0030,Alif Store
No Interest (2390),1,V0030,Alif Store
No Interest (2419),1,V0030,Alif Store
Picking and Putting (826),1,V0031,Alif Store
Picking and Putting (856),1,V0031,Alif Store
Picking and Putting (886),1,V0031,Alif Store
Picking and Putting (916),1,V0031,Alif Store
Picking and Putting (946),1,V0031,Alif Store
Picking and Putting (976),1,V0031,Alif Store
Picking and Putting (1006),1,V0031,Alif Store
Picking and Putting (1036),1,V0031,Alif Store
Picking and Putting (1066),1,V0031,Alif Store
Picking and Putting (1096),1,V0031,Alif Store
Picking and Putting (1126),1,V0031,Alif Store
Picking and Putting (1155),1,V0032,Alif Store
Picking and Putting (1185),1,V0032,Alif Store
Picking and Putting (1215),1,V0032,Alif Store
Picking and Putting (1245),1,V0032,Alif Store
Picking and Putting (1275),1,V0032,Alif Store
Picking and Putting (1305),1,V0032,Alif Store
Picking and Putting (1335),1,V0032,Alif Store
Picking and Putting (1361),1,V0033,Alif Store
Picking and Putting (1391),1,V0033,Alif Store
Picking and Putting (1421),1,V0033,Alif Store
Picking and Putting (1451),1,V0033,Alif Store
Picking and Putting (1481),1,V0033,Alif Store
Picking and Putting (1511),1,V0033,Alif Store
Picking and Putting (1541),1,V0033,Alif Store
Picking and Putting (1571),1,V0033,Alif Store
Picking and Putting (1601),1,V0033,Alif Store
Picking and Putting (1631),1,V0033,Alif Store
Picking and Putting (1661),1,V0033,Alif Store
Picking and Putting (1665),1,V0034,Alif Store
Picking and Putting (1695),1,V0034,Alif Store
Picking and Putting (1725),1,V0034,Alif Store
Picking and Putting (1755),1,V0034,Alif Store
Picking and Putting (1785),1,V0034,Alif Store
Picking and Putting (1815),1,V0034,Alif Store
Picking and Putting (1845),1,V0034,Alif Store
Picking and Putting (1875),1,V0034,Alif Store
Picking and Putting (1905),1,V0034,Alif Store
Picking and Putting (1911),1,V0035,Alif Store
Picking and Putting (1941),1,V0035,Alif Store
Picking and Putting (1971),1,V0035,Alif Store
Picking and Putting (2001),1,V0035,Alif Store
Picking and Putting (2031),1,V0035,Alif Store
Picking and Putting (2061),1,V0035,Alif Store
Picking and Putting (2091),1,V0035,Alif Store
Picking and Putting (2121),1,V0035,Alif Store
Picking and Returning (2246),1,V0036,Alif Store
Picking and Returning (2276),1,V0036,Alif Store
Picking and Returning (2306),1,V0036,Alif Store
Picking and Returning (2336),1,V0036,Alif Store
Picking and Returning (2366),1,V0036,Alif Store
Picking and Returning (2396),1,V0036,Alif Store
Picking and Returning (2426),1,V0036,Alif Store
Picking and Returning (2456),1,V0036,Alif Store
Picking and Returning (2486),1,V0036,Alif Store
Picking and Returning (2516),1,V0036,Alif Store
Picking and Returning (2546),1,V0036,Alif Store
Picking and Returning (2576),1,V0036,Alif Store
Picking and Returning (2606),1,V0036,Alif Store
Picking and Returning (2636),1,V0036,Alif Store
Picking and Returning (2666),1,V0036,Alif Store
Picking and Returning (2696),1,V0036,Alif Store
Picking and Returning (2726),1,V0036,Alif Store
Picking and Returning (2756),1,V0036,Alif Store
Picking and Returning (2786),1,V0036,Alif Store
Picking and Returning (2816),1,V0036,Alif Store
Picking and Returning (2846),1,V0036,Alif Store
Picking and Returning (2876),1,V0036,Alif Store
Picking and Returning (2906),1,V0036,Alif Store
Picking and Returning (2936),1,V0036,Alif Store
Picking and Returning (2937),1,V0037,Alif Store
Picking and Returning (2967),1,V0037,Alif Store
Picking and Returning (2997),1,V0037,Alif Store
Picking and Returning (3027),1,V0037,Alif Store
Picking and Returning (3057),1,V0037,Alif Store
Picking and Returning (3087),1,V0037,Alif Store
Picking and Returning (3117),1,V0037,Alif Store
Picking and Returning (3147),1,V0037,Alif Store
Picking and Returning (3177),1,V0037,Alif Store
Picking and Returning (3207),1,V0037,Alif Store
Picking and Returning (3237),1,V0037,Alif Store
Picking and Returning (3267),1,V0037,Alif Store
Picking and Returning (3297),1,V0037,Alif Store
Picking and Returning (3327),1,V0037,Alif Store
Picking and Returning (3357),1,V0037,Alif Store
Picking and Returning (3376),1,V0038,Alif Store
Picking and Returning (3406),1,V0038,Alif Store
Picking and Returning (3436),1,V0038,Alif Store
Picking and Returning (3466),1,V0038,Alif Store
Picking and Returning (3496),1,V0038,Alif Store
Picking and Returning (3526),1,V0038,Alif Store
Picking and Returning (3556),1,V0038,Alif Store
Picking and Returning (3586),1,V0038,Alif Store
Picking and Returning (3616),1,V0038,Alif Store
Picking and Returning (3646),1,V0038,Alif Store
Picking and Returning (3676),1,V0038,Alif Store
Picking and Returning (3706),1,V0038,Alif Store
Picking and Returning (3736),1,V0038,Alif Store
Picking and Returning (3761),1,V0039,Alif Store
Picking and Returning (3788),1,V0039,Alif Store
Picking and Returning (3818),1,V0039,Alif Store
Picking and Returning (3848),1,V0039,Alif Store
Picking and Returning (3878),1,V0039,Alif Store
Picking and Returning (3908),1,V0039,Alif Store
Picking and Returning (3938),1,V0039,Alif Store
Picking and Returning (3968),1,V0039,Alif Store
Picking and Returning (3998),1,V0039,Alif Store
Picking and Returning (4028),1,V0039,Alif Store
Picking and Returning (4058),1,V0039,Alif Store
Picking and Returning (4088),1,V0039,Alif Store
Picking and Returning (4118),1,V0039,Alif Store
Picking and Returning (4148),1,V0039,Alif Store
Touching (1749),1,V0040,Alif Store
Touching (1779),1,V0040,Alif Store
Touching (1809),1,V0040,Alif Store
Touching (1839),1,V0040,Alif Store
Touching (1869),1,V0040,Alif Store
Touching (1899),1,V0040,Alif Store
Touching (1929),1,V0040,Alif Store
Touching (1959),1,V0040,Alif Store
Touching (1989),1,V0040,Alif Store
Touching (2019),1,V0040,Alif Store
Touching (2049),1,V0040,Alif Store
Touching (2079),1,V0040,Alif Store
Touching (2109),1,V0040,Alif Store
Touching (2139),1,V0040,Alif Store
Touching (2169),1,V0040,Alif Store
Touching (2199),1,V0040,Alif Store
Touching (2229),1,V0040,Alif Store
Touching (2259),1,V0040,Alif Store
Touching (2289),1,V0040,Alif Store
Touching (2319),1,V0040,Alif Store
Touching (2349),1,V0040,Alif Store
Touching (2379),1,V0040,Alif Store
Touching (2409),1,V0040,Alif Store
Touching (2439),1,V0040,Alif Store
Touching (2467),1,V0041,Alif Store
Touching (2497),1,V0041,Alif Store
Touching (2527),1,V0041,Alif Store
Touching (2557),1,V0041,Alif Store
Touching (2587),1,V0041,Alif Store
Touching (2617),1,V0041,Alif Store
Touching (2647),1,V0041,Alif Store
Touching (2677),1,V0041,Alif Store
Touching (2707),1,V0041,Alif Store
Touching (2737),1,V0041,Alif Store
Touching (2767),1,V0041,Alif Store
Touching (2797),1,V0041,Alif Store
Touching (2827),1,V0041,Alif Store
Touching (2857),1,V0041,Alif Store
Touching (2887),1,V0041,Alif Store
Touching (2910),1,V0042,Alif Store
Touching (2940),1,V0042,Alif Store
Touching (2970),1,V0042,Alif Store
Touching (3000),1,V0042,Alif Store
Touching (3030),1,V0042,Alif Store
Touching (3060),1,V0042,Alif Store
Touching (3090),1,V0042,Alif Store
Touching (3120),1,V0042,Alif Store
Touching (3150),1,V0042,Alif Store
Touching (3180),1,V0042,Alif Store
Touching (3210),1,V0042,Alif Store
Touching (3240),1,V0042,Alif Store
Touching (3270),1,V0042,Alif Store
Touching (3300),1,V0042,Alif Store
Touching (3330),1,V0042,Alif Store
Touching (3360),1,V0042,Alif Store
Touching (3372),1,V0043,Alif Store
Touching (3402),1,V0043,Alif Store
Touching (3431),1,V0043,Alif Store
Touching (3460),1,V0043,Alif Store
Touching (3490),1,V0043,Alif Store
Touching (3520),1,V0043,Alif Store
Touching (3549),1,V0043,Alif Store
Touching (3578),1,V0043,Alif Store
Touching (3608),1,V0043,Alif Store
Touching (3638),1,V0043,Alif Store
Touching (3667),1,V0043,Alif Store
Touching (3697),1,V0043,Alif Store
Touching (3727),1,V0043,Alif Store
Touching (3757),1,V0043,Alif Store
Touching (3787),1,V0043,Alif Store
Touching (3809),1,V0044,Alif Store
Touching (3839),1,V0044,Alif Store
Turning To Shelf (1771),1,V0045,Alif Store
Turning To Shelf (1801),1,V0045,Alif Store
Turning To Shelf (1831),1,V0045,Alif Store
Turning To Shelf (1861),1,V0045,Alif Store
Turning To Shelf (1891),1,V0045,Alif Store
Turning To Shelf (1921),1,V0045,Alif Store
Turning To Shelf (1951),1,V0045,Alif Store
Turning To Shelf (1981),1,V0045,Alif Store
Turning To Shelf (2011),1,V0045,Alif Store
Turning To Shelf (2041),1,V0045,Alif Store
Turning To Shelf (2071),1,V0045,Alif Store
Turning To Shelf (2101),1,V0045,Alif Store
Turning To Shelf (2131),1,V0045,Alif Store
Turning To Shelf (2161),1,V0045,Alif Store
Turning To Shelf (2191),1,V0045,Alif Store
Turning To Shelf (2221),1,V0045,Alif Store
Turning To Shelf (2251),1,V0045,Alif Store
Turning To Shelf (2281),1,V0045,Alif Store
Turning To Shelf (2311),1,V0045,Alif Store
Turning To Shelf (2341),1,V0045,Alif Store
Turning To Shelf (2371),1,V0045,Alif Store
Turning To Shelf (2401),1,V0045,Alif Store
Turning To Shelf (2431),1,V0045,Alif Store
Turning To Shelf (2441),1,V0046,Alif Store
Turning To Shelf (2471),1,V0046,Alif Store
Turning To Shelf (2501),1,V0046,Alif Store
Turning To Shelf (2531),1,V0046,Alif Store
Turning To Shelf (2561),1,V0046,Alif Store
Turning To Shelf (2591),1,V0046,Alif Store
Turning To Shelf (2621),1,V0046,Alif Store
Turning To Shelf (2651),1,V0046,Alif Store
Turning To Shelf (2681),1,V0046,Alif Store
Turning To Shelf (2711),1,V0046,Alif Store
Turning To Shelf (2741),1,V0046,Alif Store
Turning To Shelf (2771),1,V0046,Alif Store
Turning To Shelf (2801),1,V0046,Alif Store
Turning To Shelf (2831),1,V0046,Alif Store
Turning To Shelf (2861),1,V0046,Alif Store
Turning To Shelf (2881),1,V0047,Alif Store
Turning To Shelf (2911),1,V0047,Alif Store
Turning To Shelf (2941),1,V0047,Alif Store
Turning To Shelf (2971),1,V0047,Alif Store
Turning To Shelf (3001),1,V0047,Alif Store
Turning To Shelf (3031),1,V0047,Alif Store
Turning To Shelf (3061),1,V0047,Alif Store
Turning To Shelf (3091),1,V0047,Alif Store
Turning To Shelf (3121),1,V0047,Alif Store
Turning To Shelf (3151),1,V0047,Alif Store
Turning To Shelf (3181),1,V0047,Alif Store
Turning To Shelf (3211),1,V0047,Alif Store
Turning To Shelf (3241),1,V0047,Alif Store
Turning To Shelf (3271),1,V0047,Alif Store
Turning To Shelf (3301),1,V0047,Alif Store
Turning To Shelf (3331),1,V0047,Alif Store
Turning To Shelf (3343),1,V0048,Alif Store
Turning To Shelf (3373),1,V0048,Alif Store
Turning To Shelf (3403),1,V0048,Alif Store
Turning To Shelf (3433),1,V0048,Alif Store
Turning To Shelf (3463),1,V0048,Alif Store
Turning To Shelf (3493),1,V0048,Alif Store
Turning To Shelf (3523),1,V0048,Alif Store
Turning To Shelf (3553),1,V0048,Alif Store
Turning To Shelf (3583),1,V0048,Alif Store
Turning To Shelf (3613),1,V0048,Alif Store
Turning To Shelf (3643),1,V0048,Alif Store
Turning To Shelf (3673),1,V0048,Alif Store
Viewing (1168),1,V0049,Alif Store
Viewing (1198),1,V0049,Alif Store
Viewing (1228),1,V0049,Alif Store
Viewing (1258),1,V0049,Alif Store
Viewing (25951),1,V0049,Alif Store
Viewing (25956),1,V0049,Alif Store
Viewing (1322),1,V0049,Alif Store
Viewing (1352),1,V0049,Alif Store
Viewing (1382),1,V0049,Alif Store
Viewing (1412),1,V0049,Alif Store
Viewing (1442),1,V0049,Alif Store
Viewing (1472),1,V0049,Alif Store
Viewing (1502),1,V0049,Alif Store
Viewing (1532),1,V0049,Alif Store
Viewing (1558),1,V0050,Alif Store
Viewing (1588),1,V0050,Alif Store
Viewing (1618),1,V0050,Alif Store
Viewing (1648),1,V0050,Alif Store
Viewing (1678),1,V0050,Alif Store
Viewing (1708),1,V0050,Alif Store
Viewing (1738),1,V0050,Alif Store
Viewing (1768),1,V0050,Alif Store
Viewing (1798),1,V0050,Alif Store
Viewing (1828),1,V0050,Alif Store
Viewing (1851),1,V0051,Alif Store
Viewing (1881),1,V0051,Alif Store
Viewing (1911),1,V0051,Alif Store
Viewing (1941),1,V0051,Alif Store
Viewing (1971),1,V0051,Alif Store
Viewing (2001),1,V0051,Alif Store
Viewing (2031),1,V0051,Alif Store
Viewing (2061),1,V0051,Alif Store
Viewing (2091),1,V0051,Alif Store
Viewing (2121),1,V0051,Alif Store
Viewing (2151),1,V0051,Alif Store
Viewing (2166),1,V0052,Alif Store
Viewing (2196),1,V0052,Alif Store
Viewing (2226),1,V0052,Alif Store
Viewing (2256),1,V0052,Alif Store
Viewing (2286),1,V0052,Alif Store
Viewing (2316),1,V0052,Alif Store
Viewing (2346),1,V0052,Alif Store
Viewing (2376),1,V0052,Alif Store
Viewing (2406),1,V0052,Alif Store
No Interest (3432),1,V0103,Budi Jaya Store
No Interest (3462),1,V0103,Budi Jaya Store
No Interest (3492),1,V0103,Budi Jaya Store
No Interest (3522),1,V0103,Budi Jaya Store
No Interest (3552),1,V0103,Budi Jaya Store
No Interest (3582),1,V0103,Budi Jaya Store
No Interest (3610),1,V0103,Budi Jaya Store
No Interest (3640),1,V0103,Budi Jaya Store
No Interest (3668),1,V0103,Budi Jaya Store
No Interest (3688),1,V0103,Budi Jaya Store
No Interest (3718),1,V0103,Budi Jaya Store
No Interest (3748),1,V0103,Budi Jaya Store
No Interest (3778),1,V0103,Budi Jaya Store
No Interest (3808),1,V0103,Budi Jaya Store
No Interest (3838),1,V0103,Budi Jaya Store
No Interest (3868),1,V0103,Budi Jaya Store
No Interest (3898),1,V0103,Budi Jaya Store
No Interest (3928),1,V0103,Budi Jaya Store
No Interest (3958),1,V0103,Budi Jaya Store
No Interest (3988),1,V0103,Budi Jaya Store
No Interest (4018),1,V0103,Budi Jaya Store
No Interest (4043),1,V0104,Budi Jaya Store
No Interest (4073),1,V0104,Budi Jaya Store
No Interest (4103),1,V0104,Budi Jaya Store
No Interest (4133),1,V0104,Budi Jaya Store
No Interest (4163),1,V0104,Budi Jaya Store
No Interest (4193),1,V0104,Budi Jaya Store
No Interest (4223),1,V0104,Budi Jaya Store
No Interest (4253),1,V0104,Budi Jaya Store
No Interest (4283),1,V0104,Budi Jaya Store
No Interest (4313),1,V0104,Budi Jaya Store
No Interest (4343),1,V0104,Budi Jaya Store
No Interest (4373),1,V0104,Budi Jaya Store
No Interest (4403),1,V0104,Budi Jaya Store
No Interest (4433),1,V0104,Budi Jaya Store
No Interest (4452),1,V0105,Budi Jaya Store
No Interest (4482),1,V0105,Budi Jaya Store
No Interest (4512),1,V0105,Budi Jaya Store
No Interest (4542),1,V0105,Budi Jaya Store
No Interest (4572),1,V0105,Budi Jaya Store
No Interest (4602),1,V0105,Budi Jaya Store
No Interest (4632),1,V0105,Budi Jaya Store
No Interest (4662),1,V0105,Budi Jaya Store
No Interest (4692),1,V0105,Budi Jaya Store
No Interest (4722),1,V0105,Budi Jaya Store
No Interest (4745),1,V0106,Budi Jaya Store
No Interest (4775),1,V0106,Budi Jaya Store
No Interest (4805),1,V0106,Budi Jaya Store
No Interest (4835),1,V0106,Budi Jaya Store
No Interest (4865),1,V0106,Budi Jaya Store
No Interest (4895),1,V0106,Budi Jaya Store
No Interest (4925),1,V0106,Budi Jaya Store
No Interest (4955),1,V0106,Budi Jaya Store
No Interest (4985),1,V0106,Budi Jaya Store
No Interest (5015),1,V0106,Budi Jaya Store
No Interest (5045),1,V0106,Budi Jaya Store
No Interest (5075),1,V0106,Budi Jaya Store
No Interest (5105),1,V0106,Budi Jaya Store
No Interest (5110),1,V0107,Budi Jaya Store
No Interest (5140),1,V0107,Budi Jaya Store
No Interest (5170),1,V0107,Budi Jaya Store
No Interest (5200),1,V0107,Budi Jaya Store
No Interest (5230),1,V0107,Budi Jaya Store
No Interest (5260),1,V0107,Budi Jaya Store
No Interest (5290),1,V0107,Budi Jaya Store
No Interest (5320),1,V0107,Budi Jaya Store
No Interest (5350),1,V0107,Budi Jaya Store
No Interest (5380),1,V0107,Budi Jaya Store
No Interest (5410),1,V0107,Budi Jaya Store
No Interest (5440),1,V0107,Budi Jaya Store
No Interest (5445),1,V0108,Budi Jaya Store
No Interest (5475),1,V0108,Budi Jaya Store
No Interest (5505),1,V0108,Budi Jaya Store
No Interest (5535),1,V0108,Budi Jaya Store
No Interest (5565),1,V0108,Budi Jaya Store
No Interest (5595),1,V0108,Budi Jaya Store
No Interest (5625),1,V0108,Budi Jaya Store
No Interest (5655),1,V0108,Budi Jaya Store
No Interest (5685),1,V0108,Budi Jaya Store
No Interest (5715),1,V0108,Budi Jaya Store
No Interest (5745),1,V0108,Budi Jaya Store
No Interest (5775),1,V0108,Budi Jaya Store
Picking and Putting (4452),1,V0109,Budi Jaya Store
Picking and Putting (4482),1,V0109,Budi Jaya Store
Picking and Putting (4512),1,V0109,Budi Jaya Store
Picking and Putting (4542),1,V0109,Budi Jaya Store
Picking and Putting (4572),1,V0109,Budi Jaya Store
Picking and Putting (4602),1,V0109,Budi Jaya Store
Picking and Putting (4632),1,V0109,Budi Jaya Store
Picking and Putting (4661),1,V0109,Budi Jaya Store
Picking and Putting (4691),1,V0109,Budi Jaya Store
Picking and Putting (4721),1,V0109,Budi Jaya Store
Picking and Putting (4751),1,V0109,Budi Jaya Store
Picking and Putting (4768),1,V0110,Budi Jaya Store
Picking and Putting (4798),1,V0110,Budi Jaya Store
Picking and Putting (4828),1,V0110,Budi Jaya Store
Picking and Putting (4858),1,V0110,Budi Jaya Store
Picking and Putting (4888),1,V0110,Budi Jaya Store
Picking and Putting (4918),1,V0110,Budi Jaya Store
Picking and Putting (4948),1,V0110,Budi Jaya Store
Picking and Putting (4978),1,V0110,Budi Jaya Store
Picking and Putting (5008),1,V0110,Budi Jaya Store
Picking and Putting (5009),1,V0111,Budi Jaya Store
Picking and Putting (5038),1,V0111,Budi Jaya Store
Picking and Putting (5068),1,V0111,Budi Jaya Store
Picking and Putting (5098),1,V0111,Budi Jaya Store
Picking and Putting (5128),1,V0111,Budi Jaya Store
Picking and Putting (5157),1,V0111,Budi Jaya Store
Picking and Putting (5187),1,V0111,Budi Jaya Store
Picking and Putting (5217),1,V0111,Budi Jaya Store
Picking and Putting (5247),1,V0111,Budi Jaya Store
Picking and Putting (5277),1,V0112,Budi Jaya Store
Picking and Putting (5307),1,V0112,Budi Jaya Store
Picking and Putting (5337),1,V0112,Budi Jaya Store
Picking and Putting (5367),1,V0112,Budi Jaya Store
Picking and Putting (5397),1,V0112,Budi Jaya Store
Picking and Putting (5427),1,V0112,Budi Jaya Store
Picking and Putting (20581),1,V0112,Budi Jaya Store
Picking and Putting (5466),1,V0113,Budi Jaya Store
Picking and Putting (5496),1,V0113,Budi Jaya Store
Picking and Putting (5526),1,V0113,Budi Jaya Store
Picking and Putting (5556),1,V0113,Budi Jaya Store
Picking and Putting (5586),1,V0113,Budi Jaya Store
Picking and Putting (5616),1,V0113,Budi Jaya Store
Picking and Putting (5646),1,V0113,Budi Jaya Store
Picking and Putting (5676),1,V0113,Budi Jaya Store
Picking and Putting (5706),1,V0113,Budi Jaya Store
Picking and Putting (5736),1,V0113,Budi Jaya Store
Picking and Putting (5749),1,V0114,Budi Jaya Store
Picking and Putting (5779),1,V0114,Budi Jaya Store
Picking and Putting (5809),1,V0114,Budi Jaya Store
Picking and Putting (5839),1,V0114,Budi Jaya Store
Picking and Putting (5869),1,V0114,Budi Jaya Store
Picking and Putting (5899),1,V0114,Budi Jaya Store
Picking and Putting (5929),1,V0114,Budi Jaya Store
Picking and Putting (5956),1,V0115,Budi Jaya Store
Picking and Putting (5986),1,V0115,Budi Jaya Store
Picking and Putting (6016),1,V0115,Budi Jaya Store
Picking and Putting (6046),1,V0115,Budi Jaya Store
Picking and Putting (6076),1,V0115,Budi Jaya Store
Picking and Putting (6106),1,V0115,Budi Jaya Store
Picking and Putting (6136),1,V0115,Budi Jaya Store
Picking and Putting (6166),1,V0115,Budi Jaya Store
Picking and Putting (6196),1,V0115,Budi Jaya Store
Picking and Putting (6198),1,V0116,Budi Jaya Store
Picking and Putting (6228),1,V0116,Budi Jaya Store
Picking and Putting (6258),1,V0116,Budi Jaya Store
Picking and Putting (6288),1,V0116,Budi Jaya Store
Picking and Putting (6318),1,V0116,Budi Jaya Store
Picking and Putting (6348),1,V0116,Budi Jaya Store
Picking and Putting (6378),1,V0116,Budi Jaya Store
Picking and Putting (6391),1,V0117,Budi Jaya Store
Picking and Putting (6421),1,V0117,Budi Jaya Store
Picking and Putting (6451),1,V0117,Budi Jaya Store
Picking and Putting (6481),1,V0117,Budi Jaya Store
Picking and Putting (6511),1,V0117,Budi Jaya Store
Picking and Putting (6541),1,V0117,Budi Jaya Store
Picking and Putting (6571),1,V0117,Budi Jaya Store
Picking and Putting (6601),1,V0117,Budi Jaya Store
Touching (5793),1,V0118,Budi Jaya Store
Touching (5823),1,V0118,Budi Jaya Store
Touching (5853),1,V0118,Budi Jaya Store
Touching (5883),1,V0118,Budi Jaya Store
Touching (5913),1,V0118,Budi Jaya Store
Touching (5943),1,V0118,Budi Jaya Store
Touching (5973),1,V0118,Budi Jaya Store
Touching (6003),1,V0118,Budi Jaya Store
Touching (6033),1,V0118,Budi Jaya Store
Touching (6063),1,V0118,Budi Jaya Store
Touching (6093),1,V0118,Budi Jaya Store
Touching (6123),1,V0118,Budi Jaya Store
Touching (6153),1,V0118,Budi Jaya Store
Touching (6183),1,V0118,Budi Jaya Store
Touching (6213),1,V0118,Budi Jaya Store
Touching (6243),1,V0118,Budi Jaya Store
Touching (6273),1,V0118,Budi Jaya Store
Touching (6303),1,V0118,Budi Jaya Store
Touching (6333),1,V0118,Budi Jaya Store
Touching (6363),1,V0118,Budi Jaya Store
Touching (6393),1,V0118,Budi Jaya Store
Touching (6423),1,V0118,Budi Jaya Store
Touching (6453),1,V0118,Budi Jaya Store
Touching (6483),1,V0118,Budi Jaya Store
Touching (6513),1,V0118,Budi Jaya Store
Touching (6543),1,V0118,Budi Jaya Store
Touching (6573),1,V0118,Budi Jaya Store
Touching (6603),1,V0118,Budi Jaya Store
Touching (6633),1,V0118,Budi Jaya Store
Touching (6663),1,V0118,Budi Jaya Store
Touching (6693),1,V0118,Budi Jaya Store
Touching (6723),1,V0118,Budi Jaya Store
Touching (6753),1,V0118,Budi Jaya Store
Touching (6782),1,V0119,Budi Jaya Store
Touching (6812),1,V0119,Budi Jaya Store
Touching (6842),1,V0119,Budi Jaya Store
Touching (6872),1,V0119,Budi Jaya Store
Touching (6902),1,V0119,Budi Jaya Store
Touching (6932),1,V0119,Budi Jaya Store
Touching (6962),1,V0119,Budi Jaya Store
Touching (6992),1,V0119,Budi Jaya Store
Touching (7022),1,V0119,Budi Jaya Store
Touching (7048),1,V0119,Budi Jaya Store
Touching (7078),1,V0119,Budi Jaya Store
Touching (7108),1,V0119,Budi Jaya Store
Touching (7138),1,V0119,Budi Jaya Store
Touching (7160),1,V0120,Budi Jaya Store
Touching (7190),1,V0120,Budi Jaya Store
Touching (7220),1,V0120,Budi Jaya Store
Touching (7250),1,V0120,Budi Jaya Store
Touching (7280),1,V0120,Budi Jaya Store
Touching (7310),1,V0120,Budi Jaya Store
Touching (7340),1,V0120,Budi Jaya Store
Touching (7370),1,V0120,Budi Jaya Store
Touching (7400),1,V0120,Budi Jaya Store
Touching (7430),1,V0120,Budi Jaya Store
Touching (7460),1,V0120,Budi Jaya Store
Touching (7490),1,V0120,Budi Jaya Store
Touching (7520),1,V0120,Budi Jaya Store
Touching (7550),1,V0120,Budi Jaya Store
Touching (7580),1,V0120,Budi Jaya Store
Touching (7601),1,V0121,Budi Jaya Store
Touching (7631),1,V0121,Budi Jaya Store
Touching (7661),1,V0121,Budi Jaya Store
Touching (7691),1,V0121,Budi Jaya Store
Touching (7721),1,V0121,Budi Jaya Store
Touching (7751),1,V0121,Budi Jaya Store
Touching (7781),1,V0121,Budi Jaya Store
Touching (7811),1,V0121,Budi Jaya Store
Touching (7841),1,V0121,Budi Jaya Store
Touching (7871),1,V0121,Budi Jaya Store
Touching (7901),1,V0121,Budi Jaya Store
Touching (7931),1,V0121,Budi Jaya Store
Touching (7961),1,V0121,Budi Jaya Store
Touching (7991),1,V0121,Budi Jaya Store
Touching (8005),1,V0122,Budi Jaya Store
Touching (8035),1,V0122,Budi Jaya Store
Touching (8065),1,V0122,Budi Jaya Store
Touching (8095),1,V0122,Budi Jaya Store
Touching (8124),1,V0122,Budi Jaya Store
Touching (8154),1,V0122,Budi Jaya Store
Touching (8184),1,V0122,Budi Jaya Store
Touching (8214),1,V0122,Budi Jaya Store
Touching (8243),1,V0122,Budi Jaya Store
Touching (8272),1,V0122,Budi Jaya Store
Touching (8302),1,V0122,Budi Jaya Store
Touching (8332),1,V0122,Budi Jaya Store
Touching (8362),1,V0122,Budi Jaya Store
Touching (8371),1,V0123,Budi Jaya Store
Touching (8401),1,V0123,Budi Jaya Store
Touching (8431),1,V0123,Budi Jaya Store
Touching (8461),1,V0123,Budi Jaya Store
Touching (8491),1,V0123,Budi Jaya Store
Touching (8521),1,V0123,Budi Jaya Store
Touching (8551),1,V0123,Budi Jaya Store
Touching (8581),1,V0123,Budi Jaya Store
Touching (8611),1,V0123,Budi Jaya Store
Touching (8641),1,V0123,Budi Jaya Store
Touching (8671),1,V0123,Budi Jaya Store
Touching (8701),1,V0123,Budi Jaya Store
Touching (8731),1,V0123,Budi Jaya Store
Touching (8761),1,V0123,Budi Jaya Store
Touching (8791),1,V0123,Budi Jaya Store
Touching (8821),1,V0123,Budi Jaya Store
Turning To Shelf (7279),1,V0124,Budi Jaya Store
Turning To Shelf (7309),1,V0124,Budi Jaya Store
Turning To Shelf (7339),1,V0124,Budi Jaya Store
Turning To Shelf (7369),1,V0124,Budi Jaya Store
Turning To Shelf (7399),1,V0124,Budi Jaya Store
Turning To Shelf (7429),1,V0124,Budi Jaya Store
Turning To Shelf (7459),1,V0124,Budi Jaya Store
Turning To Shelf (7489),1,V0124,Budi Jaya Store
Turning To Shelf (7519),1,V0124,Budi Jaya Store
Turning To Shelf (7549),1,V0124,Budi Jaya Store
Turning To Shelf (7579),1,V0124,Budi Jaya Store
Turning To Shelf (7609),1,V0124,Budi Jaya Store
Turning To Shelf (7639),1,V0125,Budi Jaya Store
Turning To Shelf (7669),1,V0125,Budi Jaya Store
Turning To Shelf (7699),1,V0125,Budi Jaya Store
Turning To Shelf (7729),1,V0125,Budi Jaya Store
Turning To Shelf (7759),1,V0125,Budi Jaya Store
Turning To Shelf (7789),1,V0125,Budi Jaya Store
Turning To Shelf (7819),1,V0125,Budi Jaya Store
Turning To Shelf (7849),1,V0125,Budi Jaya Store
Turning To Shelf (7879),1,V0125,Budi Jaya Store
Turning To Shelf (7909),1,V0125,Budi Jaya Store
Turning To Shelf (7939),1,V0125,Budi Jaya Store
Turning To Shelf (7969),1,V0125,Budi Jaya Store
Turning To Shelf (7999),1,V0125,Budi Jaya Store
Turning To Shelf (8029),1,V0125,Budi Jaya Store
Turning To Shelf (8035),1,V0126,Budi Jaya Store
Turning To Shelf (8065),1,V0126,Budi Jaya Store
Turning To Shelf (8095),1,V0126,Budi Jaya Store
Turning To Shelf (8125),1,V0126,Budi Jaya Store
Turning To Shelf (8154),1,V0126,Budi Jaya Store
Turning To Shelf (8184),1,V0126,Budi Jaya Store
Turning To Shelf (8214),1,V0126,Budi Jaya Store
Turning To Shelf (8244),1,V0126,Budi Jaya Store
Turning To Shelf (8274),1,V0126,Budi Jaya Store
Turning To Shelf (8304),1,V0126,Budi Jaya Store
Turning To Shelf (8333),1,V0126,Budi Jaya Store
Turning To Shelf (8363),1,V0126,Budi Jaya Store
Turning To Shelf (8393),1,V0126,Budi Jaya Store
Turning To Shelf (8423),1,V0126,Budi Jaya Store
Turning To Shelf (8434),1,V0127,Budi Jaya Store
Turning To Shelf (8464),1,V0127,Budi Jaya Store
Turning To Shelf (8494),1,V0127,Budi Jaya Store
Turning To Shelf (8524),1,V0127,Budi Jaya Store
Turning To Shelf (8554),1,V0127,Budi Jaya Store
Turning To Shelf (8584),1,V0127,Budi Jaya Store
Turning To Shelf (8614),1,V0127,Budi Jaya Store
Turning To Shelf (8644),1,V0127,Budi Jaya Store
Turning To Shelf (8674),1,V0127,Budi Jaya Store
Turning To Shelf (8704),1,V0127,Budi Jaya Store
Turning To Shelf (8734),1,V0127,Budi Jaya Store
Turning To Shelf (8764),1,V0127,Budi Jaya Store
Turning To Shelf (8794),1,V0127,Budi Jaya Store
Turning To Shelf (8824),1,V0127,Budi Jaya Store
Turning To Shelf (8849),1,V0128,Budi Jaya Store
Turning To Shelf (8879),1,V0128,Budi Jaya Store
Turning To Shelf (8909),1,V0128,Budi Jaya Store
Turning To Shelf (8939),1,V0128,Budi Jaya Store
Turning To Shelf (8969),1,V0128,Budi Jaya Store
Turning To Shelf (8999),1,V0128,Budi Jaya Store
Turning To Shelf (9029),1,V0128,Budi Jaya Store
Turning To Shelf (9059),1,V0128,Budi Jaya Store
Turning To Shelf (9089),1,V0128,Budi Jaya Store
Turning To Shelf (9119),1,V0128,Budi Jaya Store
Turning To Shelf (9149),1,V0128,Budi Jaya Store
Turning To Shelf (9179),1,V0128,Budi Jaya Store
Turning To Shelf (9209),1,V0128,Budi Jaya Store
Turning To Shelf (9239),1,V0128,Budi Jaya Store
Turning To Shelf (9269),1,V0128,Budi Jaya Store
Turning To Shelf (9299),1,V0128,Budi Jaya Store
Turning To Shelf (9314),1,V0129,Budi Jaya Store
Turning To Shelf (9344),1,V0129,Budi Jaya Store
Turning To Shelf (9374),1,V0129,Budi Jaya Store
Turning To Shelf (9404),1,V0129,Budi Jaya Store
Turning To Shelf (9434),1,V0129,Budi Jaya Store
Turning To Shelf (9464),1,V0129,Budi Jaya Store
Turning To Shelf (9494),1,V0129,Budi Jaya Store
Turning To Shelf (9524),1,V0129,Budi Jaya Store
Turning To Shelf (9554),1,V0129,Budi Jaya Store
Turning To Shelf (9584),1,V0129,Budi Jaya Store
Turning To Shelf (9614),1,V0129,Budi Jaya Store
Turning To Shelf (9644),1,V0129,Budi Jaya Store
Turning To Shelf (9674),1,V0129,Budi Jaya Store
Viewing (4702),1,V0130,Budi Jaya Store
Viewing (4732),1,V0130,Budi Jaya Store
Viewing (4762),1,V0130,Budi Jaya Store
Viewing (4792),1,V0130,Budi Jaya Store
Viewing (4822),1,V0130,Budi Jaya Store
Viewing (4852),1,V0130,Budi Jaya Store
Viewing (4882),1,V0130,Budi Jaya Store
Viewing (4912),1,V0130,Budi Jaya Store
Viewing (4942),1,V0130,Budi Jaya Store
Viewing (4972),1,V0130,Budi Jaya Store
Viewing (5002),1,V0130,Budi Jaya Store
Viewing (5032),1,V0130,Budi Jaya Store
Viewing (5062),1,V0130,Budi Jaya Store
Viewing (5092),1,V0130,Budi Jaya Store
Viewing (5122),1,V0130,Budi Jaya Store
Viewing (5152),1,V0130,Budi Jaya Store
Viewing (5182),1,V0130,Budi Jaya Store
Viewing (5212),1,V0130,Budi Jaya Store
Viewing (5217),1,V0131,Budi Jaya Store
Viewing (5247),1,V0131,Budi Jaya Store
Viewing (5277),1,V0131,Budi Jaya Store
Viewing (5307),1,V0131,Budi Jaya Store
Viewing (5337),1,V0131,Budi Jaya Store
Viewing (5367),1,V0131,Budi Jaya Store
Viewing (5397),1,V0131,Budi Jaya Store
Viewing (5427),1,V0131,Budi Jaya Store
Viewing (5457),1,V0131,Budi Jaya Store
Viewing (5487),1,V0131,Budi Jaya Store
Viewing (5517),1,V0131,Budi Jaya Store
Viewing (5547),1,V0131,Budi Jaya Store
Viewing (5577),1,V0131,Budi Jaya Store
Viewing (5607),1,V0131,Budi Jaya Store
Viewing (5608),1,V0132,Budi Jaya Store
Viewing (5638),1,V0132,Budi Jaya Store
Viewing (5668),1,V0132,Budi Jaya Store
Viewing (5698),1,V0132,Budi Jaya Store
Viewing (5728),1,V0132,Budi Jaya Store
Viewing (5758),1,V0132,Budi Jaya Store
Viewing (5788),1,V0132,Budi Jaya Store
Viewing (5818),1,V0132,Budi Jaya Store
Viewing (5848),1,V0132,Budi Jaya Store
Viewing (5878),1,V0132,Budi Jaya Store
Viewing (5908),1,V0132,Budi Jaya Store
Viewing (5938),1,V0132,Budi Jaya Store
Viewing (5942),1,V0133,Budi Jaya Store
Viewing (5972),1,V0133,Budi Jaya Store
Viewing (6002),1,V0133,Budi Jaya Store
Viewing (6032),1,V0133,Budi Jaya Store
Viewing (6062),1,V0133,Budi Jaya Store
Viewing (6092),1,V0133,Budi Jaya Store
Viewing (6122),1,V0133,Budi Jaya Store
Viewing (6152),1,V0133,Budi Jaya Store
Viewing (6182),1,V0133,Budi Jaya Store
Viewing (6212),1,V0133,Budi Jaya Store
Viewing (6242),1,V0133,Budi Jaya Store
Viewing (6272),1,V0133,Budi Jaya Store
Viewing (6302),1,V0133,Budi Jaya Store
Viewing (6332),1,V0133,Budi Jaya Store
Viewing (6361),1,V0134,Budi Jaya Store
Viewing (6391),1,V0134,Budi Jaya Store
Viewing (6421),1,V0134,Budi Jaya Store
Viewing (6451),1,V0134,Budi Jaya Store
Viewing (6481),1,V0134,Budi Jaya Store
Viewing (6511),1,V0134,Budi Jaya Store
Viewing (6541),1,V0134,Budi Jaya Store
Viewing (6571),1,V0134,Budi Jaya Store
Viewing (6601),1,V0134,Budi Jaya Store
Viewing (6631),1,V0134,Budi Jaya Store
Viewing (6661),1,V0134,Budi Jaya Store
Viewing (6691),1,V0134,Budi Jaya Store
Viewing (6721),1,V0134,Budi Jaya Store
Viewing (6751),1,V0134,Budi Jaya Store
Viewing (6781),1,V0134,Budi Jaya Store
Viewing (6811),1,V0134,Budi Jaya Store
Viewing (6841),1,V0134,Budi Jaya Store
Viewing (6871),1,V0134,Budi Jaya Store
Viewing (6901),1,V0134,Budi Jaya Store
Viewing (6931),1,V0134,Budi Jaya Store
Viewing (6943),1,V0135,Budi Jaya Store
Viewing (6973),1,V0135,Budi Jaya Store
Viewing (7003),1,V0135,Budi Jaya Store
Viewing (7033),1,V0135,Budi Jaya Store
Viewing (7063),1,V0135,Budi Jaya Store
Viewing (7093),1,V0135,Budi Jaya Store
Viewing (7123),1,V0135,Budi Jaya Store
Viewing (7153),1,V0135,Budi Jaya Store
Viewing (7183),1,V0135,Budi Jaya Store
Viewing (7213),1,V0135,Budi Jaya Store
Viewing (7243),1,V0135,Budi Jaya Store
Viewing (7273),1,V0135,Budi Jaya Store
Viewing (7303),1,V0135,Budi Jaya Store
Viewing (7328),1,V0136,Budi Jaya Store
Viewing (7358),1,V0136,Budi Jaya Store
Viewing (7388),1,V0136,Budi Jaya Store
Viewing (7418),1,V0136,Budi Jaya Store
Viewing (7448),1,V0136,Budi Jaya Store
Viewing (7478),1,V0136,Budi Jaya Store
Viewing (7508),1,V0136,Budi Jaya Store
Viewing (7538),1,V0136,Budi Jaya Store
Viewing (7568),1,V0136,Budi Jaya Store
Viewing (7598),1,V0136,Budi Jaya Store
No Interest (6970),1,V0155,Hafidz 1 Store
No Interest (7000),1,V0155,Hafidz 1 Store
No Interest (7030),1,V0155,Hafidz 1 Store
No Interest (7060),1,V0155,Hafidz 1 Store
No Interest (7090),1,V0155,Hafidz 1 Store
No Interest (7119),1,V0155,Hafidz 1 Store
No Interest (7146),1,V0155,Hafidz 1 Store
No Interest (7176),1,V0155,Hafidz 1 Store
No Interest (7206),1,V0155,Hafidz 1 Store
No Interest (7236),1,V0155,Hafidz 1 Store
No Interest (7266),1,V0155,Hafidz 1 Store
No Interest (7296),1,V0155,Hafidz 1 Store
No Interest (7326),1,V0155,Hafidz 1 Store
No Interest (7356),1,V0155,Hafidz 1 Store
No Interest (7386),1,V0155,Hafidz 1 Store
No Interest (7396),1,V0156,Hafidz 1 Store
No Interest (7424),1,V0156,Hafidz 1 Store
No Interest (7454),1,V0156,Hafidz 1 Store
No Interest (7484),1,V0156,Hafidz 1 Store
No Interest (7514),1,V0156,Hafidz 1 Store
No Interest (7544),1,V0156,Hafidz 1 Store
No Interest (7572),1,V0156,Hafidz 1 Store
No Interest (7602),1,V0156,Hafidz 1 Store
No Interest (7632),1,V0156,Hafidz 1 Store
No Interest (7662),1,V0156,Hafidz 1 Store
No Interest (7692),1,V0156,Hafidz 1 Store
No Interest (7721),1,V0156,Hafidz 1 Store
No Interest (7751),1,V0156,Hafidz 1 Store
No Interest (7781),1,V0156,Hafidz 1 Store
No Interest (7811),1,V0156,Hafidz 1 Store
No Interest (7840),1,V0156,Hafidz 1 Store
No Interest (7870),1,V0156,Hafidz 1 Store
No Interest (7879),1,V0157,Hafidz 1 Store
No Interest (7909),1,V0157,Hafidz 1 Store
No Interest (7939),1,V0157,Hafidz 1 Store
No Interest (7969),1,V0157,Hafidz 1 Store
No Interest (7999),1,V0157,Hafidz 1 Store
No Interest (8029),1,V0157,Hafidz 1 Store
No Interest (8059),1,V0157,Hafidz 1 Store
No Interest (8089),1,V0157,Hafidz 1 Store
No Interest (8119),1,V0157,Hafidz 1 Store
No Interest (8149),1,V0157,Hafidz 1 Store
No Interest (8179),1,V0157,Hafidz 1 Store
No Interest (8209),1,V0157,Hafidz 1 Store
No Interest (8239),1,V0157,Hafidz 1 Store
No Interest (8268),1,V0157,Hafidz 1 Store
No Interest (8293),1,V0158,Hafidz 1 Store
No Interest (8323),1,V0158,Hafidz 1 Store
No Interest (8353),1,V0158,Hafidz 1 Store
No Interest (8383),1,V0158,Hafidz 1 Store
No Interest (8413),1,V0158,Hafidz 1 Store
No Interest (8443),1,V0158,Hafidz 1 Store
No Interest (8473),1,V0158,Hafidz 1 Store
No Interest (8501),1,V0158,Hafidz 1 Store
No Interest (8530),1,V0158,Hafidz 1 Store
No Interest (8559),1,V0158,Hafidz 1 Store
No Interest (8589),1,V0158,Hafidz 1 Store
No Interest (8619),1,V0158,Hafidz 1 Store
No Interest (8649),1,V0158,Hafidz 1 Store
No Interest (8679),1,V0158,Hafidz 1 Store
No Interest (8697),1,V0159,Hafidz 1 Store
No Interest (8727),1,V0159,Hafidz 1 Store
No Interest (8757),1,V0159,Hafidz 1 Store
No Interest (8787),1,V0159,Hafidz 1 Store
No Interest (8817),1,V0159,Hafidz 1 Store
No Interest (8847),1,V0159,Hafidz 1 Store
No Interest (8877),1,V0159,Hafidz 1 Store
No Interest (8907),1,V0159,Hafidz 1 Store
No Interest (8937),1,V0159,Hafidz 1 Store
No Interest (8967),1,V0159,Hafidz 1 Store
No Interest (8997),1,V0159,Hafidz 1 Store
No Interest (9027),1,V0159,Hafidz 1 Store
No Interest (9057),1,V0159,Hafidz 1 Store
No Interest (9087),1,V0159,Hafidz 1 Store
No Interest (9092),1,V0160,Hafidz 1 Store
No Interest (9122),1,V0160,Hafidz 1 Store
No Interest (9152),1,V0160,Hafidz 1 Store
No Interest (9182),1,V0160,Hafidz 1 Store
No Interest (9212),1,V0160,Hafidz 1 Store
No Interest (9242),1,V0160,Hafidz 1 Store
No Interest (9272),1,V0160,Hafidz 1 Store
No Interest (9302),1,V0160,Hafidz 1 Store
No Interest (9332),1,V0160,Hafidz 1 Store
No Interest (9362),1,V0160,Hafidz 1 Store
No Interest (9392),1,V0160,Hafidz 1 Store
No Interest (9422),1,V0160,Hafidz 1 Store
No Interest (9452),1,V0160,Hafidz 1 Store
No Interest (9482),1,V0160,Hafidz 1 Store
No Interest (9512),1,V0160,Hafidz 1 Store
Picking and Returning (8188),1,V0161,Hafidz 1 Store
Picking and Returning (8218),1,V0161,Hafidz 1 Store
Picking and Returning (8248),1,V0161,Hafidz 1 Store
Picking and Returning (8277),1,V0161,Hafidz 1 Store
Picking and Returning (8307),1,V0161,Hafidz 1 Store
Picking and Returning (8329),1,V0161,Hafidz 1 Store
Picking and Returning (8354),1,V0161,Hafidz 1 Store
Picking and Returning (8384),1,V0161,Hafidz 1 Store
Picking and Returning (8414),1,V0161,Hafidz 1 Store
Picking and Returning (8444),1,V0161,Hafidz 1 Store
Picking and Returning (8473),1,V0161,Hafidz 1 Store
Picking and Returning (27739),1,V0161,Hafidz 1 Store
Picking and Returning (8511),1,V0161,Hafidz 1 Store
Picking and Returning (8541),1,V0161,Hafidz 1 Store
Picking and Returning (8571),1,V0161,Hafidz 1 Store
Picking and Returning (8601),1,V0161,Hafidz 1 Store
Picking and Returning (8631),1,V0161,Hafidz 1 Store
Picking and Returning (8661),1,V0161,Hafidz 1 Store
Picking and Returning (8691),1,V0161,Hafidz 1 Store
Picking and Returning (8721),1,V0161,Hafidz 1 Store
Picking and Returning (8751),1,V0161,Hafidz 1 Store
Picking and Returning (8781),1,V0161,Hafidz 1 Store
Picking and Returning (8793),1,V0161,Hafidz 1 Store
Picking and Returning (8819),1,V0161,Hafidz 1 Store
Picking and Returning (8825),1,V0162,Hafidz 1 Store
Picking and Returning (8852),1,V0162,Hafidz 1 Store
Picking and Returning (8882),1,V0162,Hafidz 1 Store
Picking and Returning (8912),1,V0162,Hafidz 1 Store
Picking and Returning (8942),1,V0162,Hafidz 1 Store
Picking and Returning (8972),1,V0162,Hafidz 1 Store
Picking and Returning (9002),1,V0162,Hafidz 1 Store
Picking and Returning (9031),1,V0162,Hafidz 1 Store
Picking and Returning (27783),1,V0162,Hafidz 1 Store
Picking and Returning (9082),1,V0162,Hafidz 1 Store
Picking and Returning (9100),1,V0162,Hafidz 1 Store
Picking and Returning (9120),1,V0162,Hafidz 1 Store
Picking and Returning (9146),1,V0162,Hafidz 1 Store
Picking and Returning (9166),1,V0162,Hafidz 1 Store
Picking and Returning (9189),1,V0162,Hafidz 1 Store
Picking and Returning (9219),1,V0162,Hafidz 1 Store
Picking and Returning (9238),1,V0163,Hafidz 1 Store
Picking and Returning (9268),1,V0163,Hafidz 1 Store
Picking and Returning (9298),1,V0163,Hafidz 1 Store
Picking and Returning (9327),1,V0163,Hafidz 1 Store
Picking and Returning (9356),1,V0163,Hafidz 1 Store
Picking and Returning (9381),1,V0163,Hafidz 1 Store
Picking and Returning (9403),1,V0163,Hafidz 1 Store
Picking and Returning (9433),1,V0163,Hafidz 1 Store
Picking and Returning (9463),1,V0163,Hafidz 1 Store
Picking and Returning (9493),1,V0163,Hafidz 1 Store
Picking and Returning (9522),1,V0163,Hafidz 1 Store
Picking and Returning (9552),1,V0163,Hafidz 1 Store
Picking and Returning (9581),1,V0163,Hafidz 1 Store
Picking and Returning (9611),1,V0163,Hafidz 1 Store
Picking and Returning (9641),1,V0163,Hafidz 1 Store
Picking and Returning (9671),1,V0163,Hafidz 1 Store
Picking and Returning (27855),1,V0163,Hafidz 1 Store
Picking and Returning (9727),1,V0163,Hafidz 1 Store
Picking and Returning (9729),1,V0164,Hafidz 1 Store
Picking and Returning (9759),1,V0164,Hafidz 1 Store
Picking and Returning (27857),1,V0164,Hafidz 1 Store
Picking and Returning (9808),1,V0164,Hafidz 1 Store
Picking and Returning (9838),1,V0164,Hafidz 1 Store
Picking and Returning (9868),1,V0164,Hafidz 1 Store
Picking and Returning (9897),1,V0164,Hafidz 1 Store
Picking and Returning (9927),1,V0164,Hafidz 1 Store
Picking and Returning (9956),1,V0164,Hafidz 1 Store
Picking and Returning (9986),1,V0164,Hafidz 1 Store
Picking and Returning (10016),1,V0164,Hafidz 1 Store
Picking and Returning (10044),1,V0164,Hafidz 1 Store
Picking and Returning (10063),1,V0164,Hafidz 1 Store
Picking and Returning (27897),1,V0164,Hafidz 1 Store
Picking and Returning (10105),1,V0164,Hafidz 1 Store
Picking and Returning (10135),1,V0164,Hafidz 1 Store
Picking and Returning (10160),1,V0165,Hafidz 1 Store
Picking and Returning (27908),1,V0165,Hafidz 1 Store
Picking and Returning (10213),1,V0165,Hafidz 1 Store
Picking and Returning (10240),1,V0165,Hafidz 1 Store
Picking and Returning (10270),1,V0165,Hafidz 1 Store
Picking and Returning (10300),1,V0165,Hafidz 1 Store
Picking and Returning (10328),1,V0165,Hafidz 1 Store
Picking and Returning (10358),1,V0165,Hafidz 1 Store
Picking and Returning (10388),1,V0165,Hafidz 1 Store
Picking and Returning (10418),1,V0165,Hafidz 1 Store
Picking and Returning (10448),1,V0165,Hafidz 1 Store
Picking and Returning (10478),1,V0165,Hafidz 1 Store
Picking and Returning (10507),1,V0165,Hafidz 1 Store
Picking and Returning (10532),1,V0166,Hafidz 1 Store
Picking and Returning (10562),1,V0166,Hafidz 1 Store
Picking and Returning (10590),1,V0166,Hafidz 1 Store
Picking and Returning (10619),1,V0166,Hafidz 1 Store
Picking and Returning (10649),1,V0166,Hafidz 1 Store
Picking and Returning (10679),1,V0166,Hafidz 1 Store
Picking and Returning (10709),1,V0166,Hafidz 1 Store
Picking and Returning (10738),1,V0166,Hafidz 1 Store
Picking and Returning (10761),1,V0166,Hafidz 1 Store
Picking and Returning (27929),1,V0166,Hafidz 1 Store
Picking and Returning (10819),1,V0166,Hafidz 1 Store
Picking and Returning (10849),1,V0166,Hafidz 1 Store
Picking and Returning (10879),1,V0166,Hafidz 1 Store
Picking and Returning (10909),1,V0166,Hafidz 1 Store
Touching (9841),1,V0167,Hafidz 1 Store
Touching (9871),1,V0167,Hafidz 1 Store
Touching (9901),1,V0167,Hafidz 1 Store
Touching (14680),1,V0167,Hafidz 1 Store
Touching (9941),1,V0167,Hafidz 1 Store
Touching (9971),1,V0167,Hafidz 1 Store
Touching (9990),1,V0167,Hafidz 1 Store
Touching (10008),1,V0167,Hafidz 1 Store
Touching (10038),1,V0167,Hafidz 1 Store
Touching (10068),1,V0167,Hafidz 1 Store
Touching (10098),1,V0167,Hafidz 1 Store
Touching (10128),1,V0167,Hafidz 1 Store
Touching (10158),1,V0167,Hafidz 1 Store
Touching (28506),1,V0167,Hafidz 1 Store
Touching (28534),1,V0167,Hafidz 1 Store
Touching (10196),1,V0167,Hafidz 1 Store
Touching (10226),1,V0167,Hafidz 1 Store
Touching (10256),1,V0167,Hafidz 1 Store
Touching (10265),1,V0168,Hafidz 1 Store
Touching (10295),1,V0168,Hafidz 1 Store
Touching (10323),1,V0168,Hafidz 1 Store
Touching (10353),1,V0168,Hafidz 1 Store
Touching (10383),1,V0168,Hafidz 1 Store
Touching (10413),1,V0168,Hafidz 1 Store
Touching (10443),1,V0168,Hafidz 1 Store
Touching (10473),1,V0168,Hafidz 1 Store
Touching (10503),1,V0168,Hafidz 1 Store
Touching (10533),1,V0168,Hafidz 1 Store
Touching (10563),1,V0168,Hafidz 1 Store
Touching (10589),1,V0168,Hafidz 1 Store
Touching (28545),1,V0168,Hafidz 1 Store
Touching (10644),1,V0168,Hafidz 1 Store
Touching (10674),1,V0168,Hafidz 1 Store
Touching (10694),1,V0168,Hafidz 1 Store
Touching (10721),1,V0168,Hafidz 1 Store
Touching (10751),1,V0168,Hafidz 1 Store
Touching (10765),1,V0169,Hafidz 1 Store
Touching (28566),1,V0169,Hafidz 1 Store
Touching (10817),1,V0169,Hafidz 1 Store
Touching (10843),1,V0169,Hafidz 1 Store
Touching (10873),1,V0169,Hafidz 1 Store
Touching (10903),1,V0169,Hafidz 1 Store
Touching (10931),1,V0169,Hafidz 1 Store
Touching (10960),1,V0169,Hafidz 1 Store
Touching (10987),1,V0169,Hafidz 1 Store
Touching (11017),1,V0169,Hafidz 1 Store
Touching (11047),1,V0169,Hafidz 1 Store
Touching (11077),1,V0169,Hafidz 1 Store
Touching (11107),1,V0169,Hafidz 1 Store
Touching (11137),1,V0169,Hafidz 1 Store
Touching (11167),1,V0169,Hafidz 1 Store
Touching (11197),1,V0169,Hafidz 1 Store
Touching (11208),1,V0170,Hafidz 1 Store
Touching (11234),1,V0170,Hafidz 1 Store
Touching (11262),1,V0170,Hafidz 1 Store
Touching (11292),1,V0170,Hafidz 1 Store
Touching (11322),1,V0170,Hafidz 1 Store
Touching (11352),1,V0170,Hafidz 1 Store
Touching (11382),1,V0170,Hafidz 1 Store
Touching (11412),1,V0170,Hafidz 1 Store
Touching (11442),1,V0170,Hafidz 1 Store
Touching (11469),1,V0170,Hafidz 1 Store
Touching (11499),1,V0170,Hafidz 1 Store
Touching (11529),1,V0170,Hafidz 1 Store
Touching (11558),1,V0170,Hafidz 1 Store
Touching (11588),1,V0170,Hafidz 1 Store
Touching (11618),1,V0170,Hafidz 1 Store
Touching (11633),1,V0171,Hafidz 1 Store
Touching (11663),1,V0171,Hafidz 1 Store
Touching (11693),1,V0171,Hafidz 1 Store
Touching (11723),1,V0171,Hafidz 1 Store
Touching (11753),1,V0171,Hafidz 1 Store
Touching (11783),1,V0171,Hafidz 1 Store
Touching (11813),1,V0171,Hafidz 1 Store
Touching (11843),1,V0171,Hafidz 1 Store
Touching (11873),1,V0171,Hafidz 1 Store
Touching (11902),1,V0171,Hafidz 1 Store
Touching (28596),1,V0171,Hafidz 1 Store
Touching (11945),1,V0171,Hafidz 1 Store
Touching (11974),1,V0171,Hafidz 1 Store
Touching (12004),1,V0171,Hafidz 1 Store
Touching (12034),1,V0171,Hafidz 1 Store
Touching (12060),1,V0171,Hafidz 1 Store
Touching (12090),1,V0171,Hafidz 1 Store
Touching (12120),1,V0171,Hafidz 1 Store
Touching (12150),1,V0171,Hafidz 1 Store
Touching (12180),1,V0171,Hafidz 1 Store
Viewing (7887),1,V0172,Hafidz 1 Store
Viewing (7917),1,V0172,Hafidz 1 Store
Viewing (7947),1,V0172,Hafidz 1 Store
Viewing (7977),1,V0172,Hafidz 1 Store
Viewing (8007),1,V0172,Hafidz 1 Store
Viewing (8037),1,V0172,Hafidz 1 Store
Viewing (8067),1,V0172,Hafidz 1 Store
Viewing (8097),1,V0172,Hafidz 1 Store
Viewing (8127),1,V0172,Hafidz 1 Store
Viewing (8157),1,V0172,Hafidz 1 Store
Viewing (8187),1,V0172,Hafidz 1 Store
Viewing (8217),1,V0172,Hafidz 1 Store
Viewing (8245),1,V0172,Hafidz 1 Store
Viewing (8275),1,V0172,Hafidz 1 Store
Viewing (8305),1,V0172,Hafidz 1 Store
Viewing (8335),1,V0172,Hafidz 1 Store
Viewing (8363),1,V0172,Hafidz 1 Store
Viewing (26009),1,V0172,Hafidz 1 Store
Viewing (26030),1,V0172,Hafidz 1 Store
Viewing (8396),1,V0172,Hafidz 1 Store
Viewing (8426),1,V0172,Hafidz 1 Store
Viewing (8456),1,V0172,Hafidz 1 Store
Viewing (8486),1,V0172,Hafidz 1 Store
Viewing (8516),1,V0172,Hafidz 1 Store
No Interest (11417),1,V0228,Hafidz 2 Store
No Interest (11446),1,V0228,Hafidz 2 Store
No Interest (11475),1,V0228,Hafidz 2 Store
No Interest (11505),1,V0228,Hafidz 2 Store
No Interest (11532),1,V0228,Hafidz 2 Store
No Interest (11561),1,V0228,Hafidz 2 Store
No Interest (11588),1,V0228,Hafidz 2 Store
No Interest (11613),1,V0228,Hafidz 2 Store
No Interest (11642),1,V0228,Hafidz 2 Store
No Interest (11672),1,V0228,Hafidz 2 Store
No Interest (11702),1,V0228,Hafidz 2 Store
No Interest (11732),1,V0228,Hafidz 2 Store
No Interest (11762),1,V0228,Hafidz 2 Store
No Interest (11789),1,V0229,Hafidz 2 Store
No Interest (11819),1,V0229,Hafidz 2 Store
No Interest (11849),1,V0229,Hafidz 2 Store
No Interest (11861),1,V0229,Hafidz 2 Store
No Interest (22335),1,V0229,Hafidz 2 Store
No Interest (11888),1,V0229,Hafidz 2 Store
No Interest (11918),1,V0229,Hafidz 2 Store
No Interest (22377),1,V0229,Hafidz 2 Store
No Interest (11948),1,V0229,Hafidz 2 Store
No Interest (11978),1,V0229,Hafidz 2 Store
No Interest (12007),1,V0229,Hafidz 2 Store
No Interest (12035),1,V0229,Hafidz 2 Store
No Interest (12065),1,V0229,Hafidz 2 Store
No Interest (22400),1,V0229,Hafidz 2 Store
No Interest (12101),1,V0229,Hafidz 2 Store
No Interest (12112),1,V0230,Hafidz 2 Store
No Interest (12141),1,V0230,Hafidz 2 Store
No Interest (12171),1,V0230,Hafidz 2 Store
No Interest (12201),1,V0230,Hafidz 2 Store
No Interest (12231),1,V0230,Hafidz 2 Store
No Interest (12261),1,V0230,Hafidz 2 Store
No Interest (12291),1,V0230,Hafidz 2 Store
No Interest (12314),1,V0230,Hafidz 2 Store
No Interest (12333),1,V0230,Hafidz 2 Store
No Interest (22442),1,V0230,Hafidz 2 Store
No Interest (22468),1,V0230,Hafidz 2 Store
No Interest (12388),1,V0230,Hafidz 2 Store
No Interest (12394),1,V0231,Hafidz 2 Store
No Interest (12424),1,V0231,Hafidz 2 Store
No Interest (12453),1,V0231,Hafidz 2 Store
No Interest (12482),1,V0231,Hafidz 2 Store
No Interest (12512),1,V0231,Hafidz 2 Store
No Interest (22488),1,V0231,Hafidz 2 Store
No Interest (12552),1,V0231,Hafidz 2 Store
No Interest (12582),1,V0231,Hafidz 2 Store
No Interest (12612),1,V0231,Hafidz 2 Store
No Interest (22495),1,V0231,Hafidz 2 Store
No Interest (22512),1,V0231,Hafidz 2 Store
No Interest (12653),1,V0232,Hafidz 2 Store
No Interest (12683),1,V0232,Hafidz 2 Store
No Interest (12708),1,V0232,Hafidz 2 Store
No Interest (12738),1,V0232,Hafidz 2 Store
No Interest (12768),1,V0232,Hafidz 2 Store
No Interest (12798),1,V0232,Hafidz 2 Store
No Interest (12828),1,V0232,Hafidz 2 Store
No Interest (22533),1,V0232,Hafidz 2 Store
No Interest (12851),1,V0232,Hafidz 2 Store
No Interest (12881),1,V0232,Hafidz 2 Store
No Interest (22568),1,V0232,Hafidz 2 Store
No Interest (12920),1,V0232,Hafidz 2 Store
No Interest (12924),1,V0233,Hafidz 2 Store
No Interest (12954),1,V0233,Hafidz 2 Store
No Interest (12984),1,V0233,Hafidz 2 Store
No Interest (13014),1,V0233,Hafidz 2 Store
No Interest (13044),1,V0233,Hafidz 2 Store
No Interest (13074),1,V0233,Hafidz 2 Store
No Interest (13104),1,V0233,Hafidz 2 Store
No Interest (13134),1,V0233,Hafidz 2 Store
No Interest (13164),1,V0233,Hafidz 2 Store
No Interest (13191),1,V0233,Hafidz 2 Store
No Interest (13212),1,V0233,Hafidz 2 Store
No Interest (13242),1,V0233,Hafidz 2 Store
Picking and Putting (10236),1,V0234,Hafidz 2 Store
Picking and Putting (10266),1,V0234,Hafidz 2 Store
Picking and Putting (10296),1,V0234,Hafidz 2 Store
Picking and Putting (10326),1,V0234,Hafidz 2 Store
Picking and Putting (10356),1,V0234,Hafidz 2 Store
Picking and Putting (10386),1,V0234,Hafidz 2 Store
Picking and Putting (20791),1,V0234,Hafidz 2 Store
Picking and Putting (10425),1,V0234,Hafidz 2 Store
Picking and Putting (10455),1,V0234,Hafidz 2 Store
Picking and Putting (10485),1,V0234,Hafidz 2 Store
Picking and Putting (10515),1,V0234,Hafidz 2 Store
Picking and Putting (10535),1,V0235,Hafidz 2 Store
Picking and Putting (10565),1,V0235,Hafidz 2 Store
Picking and Putting (10595),1,V0235,Hafidz 2 Store
Picking and Putting (10625),1,V0235,Hafidz 2 Store
Picking and Putting (10655),1,V0235,Hafidz 2 Store
Picking and Putting (10685),1,V0235,Hafidz 2 Store
Picking and Putting (10715),1,V0235,Hafidz 2 Store
Picking and Putting (10745),1,V0235,Hafidz 2 Store
Picking and Putting (10775),1,V0235,Hafidz 2 Store
Picking and Putting (10805),1,V0235,Hafidz 2 Store
Picking and Putting (10835),1,V0235,Hafidz 2 Store
Picking and Putting (10850),1,V0236,Hafidz 2 Store
Picking and Putting (10880),1,V0236,Hafidz 2 Store
Picking and Putting (10909),1,V0236,Hafidz 2 Store
Picking and Putting (10939),1,V0236,Hafidz 2 Store
Picking and Putting (10969),1,V0236,Hafidz 2 Store
Picking and Putting (10999),1,V0236,Hafidz 2 Store
Picking and Putting (20809),1,V0236,Hafidz 2 Store
Picking and Putting (11055),1,V0236,Hafidz 2 Store
Picking and Putting (11085),1,V0236,Hafidz 2 Store
Picking and Putting (11115),1,V0236,Hafidz 2 Store
Picking and Putting (11145),1,V0236,Hafidz 2 Store
Picking and Putting (11175),1,V0236,Hafidz 2 Store
Picking and Putting (11205),1,V0236,Hafidz 2 Store
Picking and Putting (11235),1,V0236,Hafidz 2 Store
Picking and Putting (20841),1,V0236,Hafidz 2 Store
Picking and Putting (20871),1,V0236,Hafidz 2 Store
Picking and Putting (20897),1,V0236,Hafidz 2 Store
Picking and Returning (15155),1,V0237,Hafidz 2 Store
Picking and Returning (15185),1,V0237,Hafidz 2 Store
Picking and Returning (15215),1,V0237,Hafidz 2 Store
Picking and Returning (15245),1,V0237,Hafidz 2 Store
Picking and Returning (15275),1,V0237,Hafidz 2 Store
Picking and Returning (15305),1,V0237,Hafidz 2 Store
Picking and Returning (15335),1,V0237,Hafidz 2 Store
Picking and Returning (15365),1,V0237,Hafidz 2 Store
Picking and Returning (15395),1,V0237,Hafidz 2 Store
Picking and Returning (15425),1,V0237,Hafidz 2 Store
Picking and Returning (15455),1,V0237,Hafidz 2 Store
Picking and Returning (15485),1,V0237,Hafidz 2 Store
Picking and Returning (15515),1,V0237,Hafidz 2 Store
Picking and Returning (15545),1,V0237,Hafidz 2 Store
Picking and Returning (15575),1,V0237,Hafidz 2 Store
Picking and Returning (15605),1,V0237,Hafidz 2 Store
Picking and Returning (28257),1,V0238,Hafidz 2 Store
Picking and Returning (13452),1,V0238,Hafidz 2 Store
Picking and Returning (13482),1,V0238,Hafidz 2 Store
Picking and Returning (13512),1,V0238,Hafidz 2 Store
Picking and Returning (13542),1,V0238,Hafidz 2 Store
Picking and Returning (13572),1,V0238,Hafidz 2 Store
Picking and Returning (13602),1,V0238,Hafidz 2 Store
Picking and Returning (13632),1,V0238,Hafidz 2 Store
Picking and Returning (13662),1,V0238,Hafidz 2 Store
Picking and Returning (13692),1,V0238,Hafidz 2 Store
Picking and Returning (13722),1,V0238,Hafidz 2 Store
Picking and Returning (13752),1,V0238,Hafidz 2 Store
Picking and Returning (13782),1,V0238,Hafidz 2 Store
Picking and Returning (13812),1,V0238,Hafidz 2 Store
Picking and Returning (13826),1,V0239,Hafidz 2 Store
Picking and Returning (13856),1,V0239,Hafidz 2 Store
Picking and Returning (13886),1,V0239,Hafidz 2 Store
Picking and Returning (13916),1,V0239,Hafidz 2 Store
Picking and Returning (13946),1,V0239,Hafidz 2 Store
Picking and Returning (13976),1,V0239,Hafidz 2 Store
Picking and Returning (14006),1,V0239,Hafidz 2 Store
Picking and Returning (14036),1,V0239,Hafidz 2 Store
Picking and Returning (14066),1,V0239,Hafidz 2 Store
Picking and Returning (14096),1,V0239,Hafidz 2 Store
Picking and Returning (14126),1,V0239,Hafidz 2 Store
Picking and Returning (14156),1,V0239,Hafidz 2 Store
Picking and Returning (14186),1,V0239,Hafidz 2 Store
Picking and Returning (14216),1,V0239,Hafidz 2 Store
Picking and Returning (14232),1,V0240,Hafidz 2 Store
Picking and Returning (14262),1,V0240,Hafidz 2 Store
Picking and Returning (14290),1,V0240,Hafidz 2 Store
Picking and Returning (14320),1,V0240,Hafidz 2 Store
Picking and Returning (14350),1,V0240,Hafidz 2 Store
Picking and Returning (14380),1,V0240,Hafidz 2 Store
Picking and Returning (14410),1,V0240,Hafidz 2 Store
Picking and Returning (14440),1,V0240,Hafidz 2 Store
Picking and Returning (14470),1,V0240,Hafidz 2 Store
Picking and Returning (14500),1,V0240,Hafidz 2 Store
Picking and Returning (14530),1,V0240,Hafidz 2 Store
Picking and Returning (14560),1,V0240,Hafidz 2 Store
Picking and Returning (14590),1,V0240,Hafidz 2 Store
Picking and Returning (14620),1,V0240,Hafidz 2 Store
Picking and Returning (14650),1,V0240,Hafidz 2 Store
Picking and Returning (14680),1,V0240,Hafidz 2 Store
Picking and Returning (14704),1,V0241,Hafidz 2 Store
Picking and Returning (14734),1,V0241,Hafidz 2 Store
Picking and Returning (14761),1,V0241,Hafidz 2 Store
Picking and Returning (14791),1,V0241,Hafidz 2 Store
Picking and Returning (14821),1,V0241,Hafidz 2 Store
Picking and Returning (14851),1,V0241,Hafidz 2 Store
Picking and Returning (14881),1,V0241,Hafidz 2 Store
Picking and Returning (14911),1,V0241,Hafidz 2 Store
Picking and Returning (14941),1,V0241,Hafidz 2 Store
Picking and Returning (14971),1,V0241,Hafidz 2 Store
Picking and Returning (15001),1,V0241,Hafidz 2 Store
Picking and Returning (15031),1,V0241,Hafidz 2 Store
Picking and Returning (15059),1,V0241,Hafidz 2 Store
Picking and Returning (28282),1,V0241,Hafidz 2 Store
Picking and Returning (15101),1,V0241,Hafidz 2 Store
Picking and Returning (15125),1,V0241,Hafidz 2 Store
Picking and Returning (15630),1,V0242,Hafidz 2 Store
Picking and Returning (15660),1,V0242,Hafidz 2 Store
Picking and Returning (15690),1,V0242,Hafidz 2 Store
Picking and Returning (15720),1,V0242,Hafidz 2 Store
Picking and Returning (15750),1,V0242,Hafidz 2 Store
Picking and Returning (15780),1,V0242,Hafidz 2 Store
Picking and Returning (15809),1,V0242,Hafidz 2 Store
Picking and Returning (15839),1,V0242,Hafidz 2 Store
Picking and Returning (15869),1,V0242,Hafidz 2 Store
Picking and Returning (15899),1,V0242,Hafidz 2 Store
Picking and Returning (15929),1,V0242,Hafidz 2 Store
Picking and Returning (15959),1,V0242,Hafidz 2 Store
Picking and Returning (15987),1,V0242,Hafidz 2 Store
Picking and Returning (28295),1,V0242,Hafidz 2 Store
Touching (14688),1,V0243,Hafidz 2 Store
Touching (14718),1,V0243,Hafidz 2 Store
Touching (14748),1,V0243,Hafidz 2 Store
Touching (14778),1,V0243,Hafidz 2 Store
Touching (14808),1,V0243,Hafidz 2 Store
Touching (14838),1,V0243,Hafidz 2 Store
Touching (14868),1,V0243,Hafidz 2 Store
Touching (14898),1,V0243,Hafidz 2 Store
Touching (14927),1,V0243,Hafidz 2 Store
Touching (14957),1,V0243,Hafidz 2 Store
Touching (14987),1,V0243,Hafidz 2 Store
Touching (15017),1,V0243,Hafidz 2 Store
Touching (15047),1,V0243,Hafidz 2 Store
Touching (15077),1,V0243,Hafidz 2 Store
Touching (15107),1,V0243,Hafidz 2 Store
Touching (15137),1,V0243,Hafidz 2 Store
Touching (15147),1,V0244,Hafidz 2 Store
Touching (15177),1,V0244,Hafidz 2 Store
Touching (15207),1,V0244,Hafidz 2 Store
Touching (15237),1,V0244,Hafidz 2 Store
Touching (15267),1,V0244,Hafidz 2 Store
Touching (15297),1,V0244,Hafidz 2 Store
Touching (15327),1,V0244,Hafidz 2 Store
Touching (15357),1,V0244,Hafidz 2 Store
Touching (15387),1,V0244,Hafidz 2 Store
Touching (15417),1,V0244,Hafidz 2 Store
Touching (15447),1,V0244,Hafidz 2 Store
Touching (15477),1,V0244,Hafidz 2 Store
Touching (15507),1,V0244,Hafidz 2 Store
Touching (15537),1,V0244,Hafidz 2 Store
Touching (15567),1,V0244,Hafidz 2 Store
Touching (15597),1,V0244,Hafidz 2 Store
Touching (15627),1,V0244,Hafidz 2 Store
Touching (15657),1,V0244,Hafidz 2 Store
Touching (15674),1,V0245,Hafidz 2 Store
Touching (15703),1,V0245,Hafidz 2 Store
Touching (15733),1,V0245,Hafidz 2 Store
Touching (15763),1,V0245,Hafidz 2 Store
Touching (15793),1,V0245,Hafidz 2 Store
Touching (15823),1,V0245,Hafidz 2 Store
Touching (15853),1,V0245,Hafidz 2 Store
Touching (15883),1,V0245,Hafidz 2 Store
Touching (15913),1,V0245,Hafidz 2 Store
Touching (15943),1,V0245,Hafidz 2 Store
Touching (15973),1,V0245,Hafidz 2 Store
Touching (16003),1,V0245,Hafidz 2 Store
Touching (16029),1,V0245,Hafidz 2 Store
Touching (16059),1,V0245,Hafidz 2 Store
Touching (16089),1,V0245,Hafidz 2 Store
Touching (16091),1,V0246,Hafidz 2 Store
Touching (16121),1,V0246,Hafidz 2 Store
Touching (16151),1,V0246,Hafidz 2 Store
Touching (16181),1,V0246,Hafidz 2 Store
Touching (16211),1,V0246,Hafidz 2 Store
Touching (16241),1,V0246,Hafidz 2 Store
Touching (16271),1,V0246,Hafidz 2 Store
Touching (16301),1,V0246,Hafidz 2 Store
Touching (16330),1,V0246,Hafidz 2 Store
Touching (16354),1,V0246,Hafidz 2 Store
Touching (16384),1,V0246,Hafidz 2 Store
Touching (16412),1,V0246,Hafidz 2 Store
Touching (16438),1,V0246,Hafidz 2 Store
Touching (16467),1,V0246,Hafidz 2 Store
Touching (16494),1,V0246,Hafidz 2 Store
Touching (16524),1,V0246,Hafidz 2 Store
Touching (16554),1,V0246,Hafidz 2 Store
Touching (16578),1,V0247,Hafidz 2 Store
Touching (16608),1,V0247,Hafidz 2 Store
Touching (16638),1,V0247,Hafidz 2 Store
Touching (16668),1,V0247,Hafidz 2 Store
Touching (16698),1,V0247,Hafidz 2 Store
Touching (16728),1,V0247,Hafidz 2 Store
Touching (16758),1,V0247,Hafidz 2 Store
Touching (16788),1,V0247,Hafidz 2 Store
Touching (16818),1,V0247,Hafidz 2 Store
Touching (16848),1,V0247,Hafidz 2 Store
Touching (16878),1,V0247,Hafidz 2 Store
Touching (16908),1,V0247,Hafidz 2 Store
Touching (16938),1,V0247,Hafidz 2 Store
Touching (16968),1,V0247,Hafidz 2 Store
Touching (16998),1,V0247,Hafidz 2 Store
Touching (17002),1,V0248,Hafidz 2 Store
Touching (17032),1,V0248,Hafidz 2 Store
Touching (17062),1,V0248,Hafidz 2 Store
Touching (17092),1,V0248,Hafidz 2 Store
Touching (17122),1,V0248,Hafidz 2 Store
Touching (17152),1,V0248,Hafidz 2 Store
Touching (17182),1,V0248,Hafidz 2 Store
Touching (17212),1,V0248,Hafidz 2 Store
Touching (17242),1,V0248,Hafidz 2 Store
Touching (17272),1,V0248,Hafidz 2 Store
Touching (17302),1,V0248,Hafidz 2 Store
Touching (17332),1,V0248,Hafidz 2 Store
Touching (17362),1,V0248,Hafidz 2 Store
Touching (28723),1,V0248,Hafidz 2 Store
Touching (17417),1,V0248,Hafidz 2 Store
Turning To Shelf (14911),1,V0249,Hafidz 2 Store
Turning To Shelf (14941),1,V0249,Hafidz 2 Store
Turning To Shelf (14971),1,V0249,Hafidz 2 Store
Turning To Shelf (15001),1,V0249,Hafidz 2 Store
Turning To Shelf (15031),1,V0249,Hafidz 2 Store
Turning To Shelf (15061),1,V0249,Hafidz 2 Store
Turning To Shelf (15091),1,V0249,Hafidz 2 Store
Turning To Shelf (15121),1,V0249,Hafidz 2 Store
Turning To Shelf (15151),1,V0249,Hafidz 2 Store
Turning To Shelf (15181),1,V0249,Hafidz 2 Store
Turning To Shelf (29660),1,V0249,Hafidz 2 Store
Turning To Shelf (15225),1,V0249,Hafidz 2 Store
Turning To Shelf (15255),1,V0249,Hafidz 2 Store
Turning To Shelf (15285),1,V0249,Hafidz 2 Store
Turning To Shelf (15315),1,V0249,Hafidz 2 Store
Turning To Shelf (15345),1,V0249,Hafidz 2 Store
Turning To Shelf (15375),1,V0249,Hafidz 2 Store
Turning To Shelf (15405),1,V0249,Hafidz 2 Store
Turning To Shelf (15435),1,V0249,Hafidz 2 Store
Turning To Shelf (15465),1,V0249,Hafidz 2 Store
Turning To Shelf (15491),1,V0249,Hafidz 2 Store
Turning To Shelf (15521),1,V0249,Hafidz 2 Store
Turning To Shelf (15551),1,V0249,Hafidz 2 Store
Turning To Shelf (15581),1,V0249,Hafidz 2 Store
Turning To Shelf (15611),1,V0249,Hafidz 2 Store
Turning To Shelf (15641),1,V0249,Hafidz 2 Store
Turning To Shelf (15671),1,V0249,Hafidz 2 Store
Turning To Shelf (15696),1,V0249,Hafidz 2 Store
Turning To Shelf (15726),1,V0249,Hafidz 2 Store
Turning To Shelf (15755),1,V0249,Hafidz 2 Store
Turning To Shelf (29702),1,V0249,Hafidz 2 Store
Turning To Shelf (15788),1,V0249,Hafidz 2 Store
Turning To Shelf (29729),1,V0249,Hafidz 2 Store
Turning To Shelf (15805),1,V0249,Hafidz 2 Store
Turning To Shelf (14513),1,V0250,Hafidz 2 Store
Turning To Shelf (14542),1,V0250,Hafidz 2 Store
Turning To Shelf (14572),1,V0250,Hafidz 2 Store
Turning To Shelf (14602),1,V0250,Hafidz 2 Store
Turning To Shelf (14632),1,V0250,Hafidz 2 Store
Turning To Shelf (14661),1,V0250,Hafidz 2 Store
Turning To Shelf (14691),1,V0250,Hafidz 2 Store
Turning To Shelf (14721),1,V0250,Hafidz 2 Store
Turning To Shelf (14751),1,V0250,Hafidz 2 Store
Turning To Shelf (14781),1,V0250,Hafidz 2 Store
Turning To Shelf (14807),1,V0250,Hafidz 2 Store
Turning To Shelf (14836),1,V0250,Hafidz 2 Store
Turning To Shelf (14866),1,V0250,Hafidz 2 Store
Turning To Shelf (14895),1,V0250,Hafidz 2 Store
Turning To Shelf (29753),1,V0251,Hafidz 2 Store
Turning To Shelf (29783),1,V0251,Hafidz 2 Store
Turning To Shelf (29811),1,V0251,Hafidz 2 Store
Turning To Shelf (15847),1,V0251,Hafidz 2 Store
Turning To Shelf (15877),1,V0251,Hafidz 2 Store
Turning To Shelf (15907),1,V0251,Hafidz 2 Store
Turning To Shelf (15937),1,V0251,Hafidz 2 Store
Turning To Shelf (15967),1,V0251,Hafidz 2 Store
Turning To Shelf (15997),1,V0251,Hafidz 2 Store
Turning To Shelf (16027),1,V0251,Hafidz 2 Store
Turning To Shelf (16057),1,V0251,Hafidz 2 Store
Turning To Shelf (16087),1,V0251,Hafidz 2 Store
Turning To Shelf (16117),1,V0251,Hafidz 2 Store
Turning To Shelf (16147),1,V0251,Hafidz 2 Store
Turning To Shelf (16177),1,V0251,Hafidz 2 Store
Turning To Shelf (16207),1,V0251,Hafidz 2 Store
Turning To Shelf (16237),1,V0251,Hafidz 2 Store
Turning To Shelf (16267),1,V0251,Hafidz 2 Store
Turning To Shelf (16290),1,V0251,Hafidz 2 Store
Turning To Shelf (16314),1,V0251,Hafidz 2 Store
Turning To Shelf (16344),1,V0251,Hafidz 2 Store
Turning To Shelf (29834),1,V0251,Hafidz 2 Store
Turning To Shelf (29859),1,V0251,Hafidz 2 Store
Turning To Shelf (16393),1,V0251,Hafidz 2 Store
Turning To Shelf (16423),1,V0251,Hafidz 2 Store
Turning To Shelf (16453),1,V0251,Hafidz 2 Store
Turning To Shelf (16483),1,V0251,Hafidz 2 Store
Turning To Shelf (16513),1,V0251,Hafidz 2 Store
Turning To Shelf (16543),1,V0251,Hafidz 2 Store
Turning To Shelf (16573),1,V0251,Hafidz 2 Store
Turning To Shelf (16603),1,V0251,Hafidz 2 Store
Turning To Shelf (16633),1,V0251,Hafidz 2 Store
Turning To Shelf (16663),1,V0251,Hafidz 2 Store
Turning To Shelf (16693),1,V0251,Hafidz 2 Store
Turning To Shelf (16723),1,V0251,Hafidz 2 Store
Turning To Shelf (16753),1,V0251,Hafidz 2 Store
Turning To Shelf (16783),1,V0251,Hafidz 2 Store
Turning To Shelf (16813),1,V0251,Hafidz 2 Store
Turning To Shelf (16843),1,V0251,Hafidz 2 Store
Turning To Shelf (16873),1,V0251,Hafidz 2 Store
Turning To Shelf (16903),1,V0251,Hafidz 2 Store
Turning To Shelf (16933),1,V0251,Hafidz 2 Store
Turning To Shelf (16963),1,V0251,Hafidz 2 Store
Turning To Shelf (16993),1,V0251,Hafidz 2 Store
Turning To Shelf (17023),1,V0251,Hafidz 2 Store
Turning To Shelf (17053),1,V0251,Hafidz 2 Store
Turning To Shelf (17072),1,V0252,Hafidz 2 Store
Turning To Shelf (17102),1,V0252,Hafidz 2 Store
Turning To Shelf (17132),1,V0252,Hafidz 2 Store
Turning To Shelf (17159),1,V0252,Hafidz 2 Store
Turning To Shelf (17189),1,V0252,Hafidz 2 Store
Turning To Shelf (17219),1,V0252,Hafidz 2 Store
Turning To Shelf (17249),1,V0252,Hafidz 2 Store
Turning To Shelf (17279),1,V0252,Hafidz 2 Store
Turning To Shelf (17309),1,V0252,Hafidz 2 Store
Turning To Shelf (17339),1,V0252,Hafidz 2 Store
Turning To Shelf (17369),1,V0252,Hafidz 2 Store
Turning To Shelf (17395),1,V0252,Hafidz 2 Store
Turning To Shelf (17423),1,V0252,Hafidz 2 Store
Turning To Shelf (17445),1,V0252,Hafidz 2 Store
Turning To Shelf (17475),1,V0252,Hafidz 2 Store
Turning To Shelf (17505),1,V0252,Hafidz 2 Store
Turning To Shelf (17510),1,V0253,Hafidz 2 Store
Turning To Shelf (17538),1,V0253,Hafidz 2 Store
Turning To Shelf (17567),1,V0253,Hafidz 2 Store
Turning To Shelf (17597),1,V0253,Hafidz 2 Store
Turning To Shelf (29893),1,V0253,Hafidz 2 Store
Turning To Shelf (17637),1,V0253,Hafidz 2 Store
Turning To Shelf (17667),1,V0253,Hafidz 2 Store
Turning To Shelf (17695),1,V0253,Hafidz 2 Store
Turning To Shelf (17725),1,V0253,Hafidz 2 Store
Turning To Shelf (17755),1,V0253,Hafidz 2 Store
Turning To Shelf (17785),1,V0253,Hafidz 2 Store
Turning To Shelf (17811),1,V0253,Hafidz 2 Store
Turning To Shelf (17841),1,V0253,Hafidz 2 Store
Turning To Shelf (17870),1,V0253,Hafidz 2 Store
Turning To Shelf (17896),1,V0254,Hafidz 2 Store
Turning To Shelf (17924),1,V0254,Hafidz 2 Store
Turning To Shelf (17952),1,V0254,Hafidz 2 Store
Turning To Shelf (17978),1,V0254,Hafidz 2 Store
Turning To Shelf (18008),1,V0254,Hafidz 2 Store
Turning To Shelf (18038),1,V0254,Hafidz 2 Store
Turning To Shelf (18068),1,V0254,Hafidz 2 Store
Turning To Shelf (18097),1,V0254,Hafidz 2 Store
Turning To Shelf (18123),1,V0254,Hafidz 2 Store
Turning To Shelf (18152),1,V0254,Hafidz 2 Store
Turning To Shelf (18181),1,V0254,Hafidz 2 Store
Turning To Shelf (18211),1,V0254,Hafidz 2 Store
Turning To Shelf (18241),1,V0254,Hafidz 2 Store
Turning To Shelf (18271),1,V0254,Hafidz 2 Store
Turning To Shelf (18301),1,V0254,Hafidz 2 Store
Turning To Shelf (18328),1,V0254,Hafidz 2 Store
Turning To Shelf (18358),1,V0254,Hafidz 2 Store
Turning To Shelf (18373),1,V0255,Hafidz 2 Store
Turning To Shelf (18403),1,V0255,Hafidz 2 Store
Turning To Shelf (18433),1,V0255,Hafidz 2 Store
Turning To Shelf (18463),1,V0255,Hafidz 2 Store
Turning To Shelf (18493),1,V0255,Hafidz 2 Store
Turning To Shelf (18523),1,V0255,Hafidz 2 Store
Turning To Shelf (18553),1,V0255,Hafidz 2 Store
Turning To Shelf (18583),1,V0255,Hafidz 2 Store
Turning To Shelf (18613),1,V0255,Hafidz 2 Store
Turning To Shelf (18643),1,V0255,Hafidz 2 Store
Turning To Shelf (18673),1,V0255,Hafidz 2 Store
Turning To Shelf (18703),1,V0255,Hafidz 2 Store
Turning To Shelf (18733),1,V0255,Hafidz 2 Store
Turning To Shelf (18763),1,V0255,Hafidz 2 Store
Turning To Shelf (18792),1,V0255,Hafidz 2 Store
Turning To Shelf (18822),1,V0255,Hafidz 2 Store
Turning To Shelf (18850),1,V0255,Hafidz 2 Store
Turning To Shelf (29938),1,V0256,Hafidz 2 Store
Turning To Shelf (18887),1,V0256,Hafidz 2 Store
Turning To Shelf (18917),1,V0256,Hafidz 2 Store
Turning To Shelf (18945),1,V0256,Hafidz 2 Store
Turning To Shelf (18970),1,V0256,Hafidz 2 Store
Turning To Shelf (19000),1,V0256,Hafidz 2 Store
Turning To Shelf (19022),1,V0256,Hafidz 2 Store
Turning To Shelf (19052),1,V0256,Hafidz 2 Store
Turning To Shelf (19081),1,V0256,Hafidz 2 Store
Turning To Shelf (19111),1,V0256,Hafidz 2 Store
Turning To Shelf (29969),1,V0256,Hafidz 2 Store
Turning To Shelf (29975),1,V0256,Hafidz 2 Store
Turning To Shelf (19179),1,V0256,Hafidz 2 Store
Turning To Shelf (19209),1,V0256,Hafidz 2 Store
Turning To Shelf (19239),1,V0256,Hafidz 2 Store
Viewing (12078),1,V0257,Hafidz 2 Store
Viewing (12108),1,V0257,Hafidz 2 Store
Viewing (12138),1,V0257,Hafidz 2 Store
Viewing (12162),1,V0257,Hafidz 2 Store
Viewing (12192),1,V0257,Hafidz 2 Store
Viewing (12222),1,V0257,Hafidz 2 Store
Viewing (12252),1,V0257,Hafidz 2 Store
Viewing (12282),1,V0257,Hafidz 2 Store
Viewing (26230),1,V0257,Hafidz 2 Store
Viewing (26256),1,V0257,Hafidz 2 Store
Viewing (12329),1,V0257,Hafidz 2 Store
Viewing (12357),1,V0257,Hafidz 2 Store
Viewing (12363),1,V0258,Hafidz 2 Store
Viewing (12388),1,V0258,Hafidz 2 Store
Viewing (12418),1,V0258,Hafidz 2 Store
Viewing (12448),1,V0258,Hafidz 2 Store
Viewing (12478),1,V0258,Hafidz 2 Store
Viewing (12508),1,V0258,Hafidz 2 Store
Viewing (12537),1,V0258,Hafidz 2 Store
Viewing (12567),1,V0258,Hafidz 2 Store
Viewing (12597),1,V0258,Hafidz 2 Store
Viewing (12627),1,V0258,Hafidz 2 Store
Viewing (12657),1,V0258,Hafidz 2 Store
Viewing (12686),1,V0258,Hafidz 2 Store
Viewing (12716),1,V0258,Hafidz 2 Store
Viewing (12729),1,V0259,Hafidz 2 Store
Viewing (12757),1,V0259,Hafidz 2 Store
Viewing (12787),1,V0259,Hafidz 2 Store
Viewing (12817),1,V0259,Hafidz 2 Store
Viewing (12847),1,V0259,Hafidz 2 Store
Viewing (12876),1,V0259,Hafidz 2 Store
Viewing (12903),1,V0259,Hafidz 2 Store
Viewing (12931),1,V0259,Hafidz 2 Store
Viewing (12961),1,V0259,Hafidz 2 Store
Viewing (12969),1,V0259,Hafidz 2 Store
Viewing (12985),1,V0259,Hafidz 2 Store
Viewing (12995),1,V0260,Hafidz 2 Store
Viewing (13025),1,V0260,Hafidz 2 Store
Viewing (13055),1,V0260,Hafidz 2 Store
Viewing (13085),1,V0260,Hafidz 2 Store
Viewing (13115),1,V0260,Hafidz 2 Store
Viewing (13145),1,V0260,Hafidz 2 Store
Viewing (13175),1,V0260,Hafidz 2 Store
Viewing (13205),1,V0260,Hafidz 2 Store
Viewing (13235),1,V0260,Hafidz 2 Store
Viewing (13265),1,V0260,Hafidz 2 Store
Viewing (26342),1,V0260,Hafidz 2 Store
Viewing (13295),1,V0260,Hafidz 2 Store
Viewing (13325),1,V0260,Hafidz 2 Store
Viewing (13334),1,V0261,Hafidz 2 Store
Viewing (13364),1,V0261,Hafidz 2 Store
Viewing (13394),1,V0261,Hafidz 2 Store
Viewing (13424),1,V0261,Hafidz 2 Store
Viewing (13454),1,V0261,Hafidz 2 Store
Viewing (13483),1,V0261,Hafidz 2 Store
Viewing (13513),1,V0261,Hafidz 2 Store
Viewing (13543),1,V0261,Hafidz 2 Store
Viewing (13573),1,V0261,Hafidz 2 Store
Viewing (13603),1,V0261,Hafidz 2 Store
Viewing (13633),1,V0261,Hafidz 2 Store
Viewing (13663),1,V0261,Hafidz 2 Store
Viewing (13670),1,V0262,Hafidz 2 Store
Viewing (13700),1,V0262,Hafidz 2 Store
Viewing (13730),1,V0262,Hafidz 2 Store
Viewing (13760),1,V0262,Hafidz 2 Store
Viewing (13790),1,V0262,Hafidz 2 Store
Viewing (13818),1,V0262,Hafidz 2 Store
Viewing (13848),1,V0262,Hafidz 2 Store
Viewing (13878),1,V0262,Hafidz 2 Store
Viewing (13908),1,V0262,Hafidz 2 Store
Viewing (13938),1,V0262,Hafidz 2 Store
Viewing (13964),1,V0262,Hafidz 2 Store
Viewing (13993),1,V0262,Hafidz 2 Store
Viewing (14023),1,V0262,Hafidz 2 Store
Viewing (14053),1,V0262,Hafidz 2 Store
Viewing (14083),1,V0262,Hafidz 2 Store
No Interest (16083),1,V0339,Hari Store
No Interest (16111),1,V0339,Hari Store
No Interest (16140),1,V0339,Hari Store
No Interest (16170),1,V0339,Hari Store
No Interest (22920),1,V0339,Hari Store
No Interest (16226),1,V0339,Hari Store
No Interest (16256),1,V0339,Hari Store
No Interest (16286),1,V0339,Hari Store
No Interest (16316),1,V0339,Hari Store
No Interest (16345),1,V0339,Hari Store
No Interest (16369),1,V0339,Hari Store
No Interest (16399),1,V0339,Hari Store
No Interest (16429),1,V0339,Hari Store
No Interest (16457),1,V0339,Hari Store
No Interest (16471),1,V0340,Hari Store
No Interest (16497),1,V0340,Hari Store
No Interest (16518),1,V0340,Hari Store
No Interest (16545),1,V0340,Hari Store
No Interest (16575),1,V0340,Hari Store
No Interest (16605),1,V0340,Hari Store
No Interest (16635),1,V0340,Hari Store
No Interest (16665),1,V0340,Hari Store
No Interest (16695),1,V0340,Hari Store
No Interest (16724),1,V0340,Hari Store
No Interest (16752),1,V0340,Hari Store
No Interest (16782),1,V0340,Hari Store
No Interest (16811),1,V0340,Hari Store
No Interest (16837),1,V0341,Hari Store
No Interest (16866),1,V0341,Hari Store
No Interest (16895),1,V0341,Hari Store
No Interest (16925),1,V0341,Hari Store
No Interest (16955),1,V0341,Hari Store
No Interest (16985),1,V0341,Hari Store
No Interest (17015),1,V0341,Hari Store
No Interest (17045),1,V0341,Hari Store
No Interest (17074),1,V0341,Hari Store
No Interest (17101),1,V0342,Hari Store
No Interest (17131),1,V0342,Hari Store
No Interest (17161),1,V0342,Hari Store
No Interest (17191),1,V0342,Hari Store
No Interest (17221),1,V0342,Hari Store
No Interest (17251),1,V0342,Hari Store
No Interest (17281),1,V0342,Hari Store
No Interest (22967),1,V0343,Hari Store
No Interest (17330),1,V0343,Hari Store
No Interest (17360),1,V0343,Hari Store
No Interest (17390),1,V0343,Hari Store
No Interest (17420),1,V0343,Hari Store
No Interest (17450),1,V0343,Hari Store
No Interest (17480),1,V0343,Hari Store
No Interest (17510),1,V0343,Hari Store
No Interest (17538),1,V0344,Hari Store
No Interest (17568),1,V0344,Hari Store
No Interest (17598),1,V0344,Hari Store
No Interest (17628),1,V0344,Hari Store
No Interest (17658),1,V0344,Hari Store
No Interest (17688),1,V0344,Hari Store
No Interest (17718),1,V0344,Hari Store
Picking and Putting (13696),1,V0345,Hari Store
Picking and Putting (13726),1,V0345,Hari Store
Picking and Putting (13756),1,V0345,Hari Store
Picking and Putting (13786),1,V0345,Hari Store
Picking and Putting (13816),1,V0345,Hari Store
Picking and Putting (13846),1,V0345,Hari Store
Picking and Putting (13876),1,V0345,Hari Store
Picking and Putting (13906),1,V0345,Hari Store
Picking and Putting (13936),1,V0345,Hari Store
Picking and Putting (13966),1,V0345,Hari Store
Picking and Putting (13996),1,V0345,Hari Store
Picking and Putting (14026),1,V0345,Hari Store
Picking and Putting (14056),1,V0345,Hari Store
Picking and Putting (14086),1,V0345,Hari Store
Picking and Putting (14116),1,V0345,Hari Store
Picking and Putting (14124),1,V0346,Hari Store
Picking and Putting (14154),1,V0346,Hari Store
Picking and Putting (14184),1,V0346,Hari Store
Picking and Putting (14214),1,V0346,Hari Store
Picking and Putting (14244),1,V0346,Hari Store
Picking and Putting (14274),1,V0346,Hari Store
Picking and Putting (14304),1,V0346,Hari Store
Picking and Putting (14334),1,V0346,Hari Store
Picking and Putting (14364),1,V0346,Hari Store
Picking and Putting (14394),1,V0346,Hari Store
Picking and Putting (14407),1,V0347,Hari Store
Picking and Putting (14437),1,V0347,Hari Store
Picking and Putting (14467),1,V0347,Hari Store
Picking and Putting (14497),1,V0347,Hari Store
Picking and Putting (14527),1,V0347,Hari Store
Picking and Putting (14546),1,V0347,Hari Store
Picking and Putting (14563),1,V0347,Hari Store
Picking and Putting (14581),1,V0348,Hari Store
Picking and Putting (14611),1,V0348,Hari Store
Picking and Putting (14641),1,V0348,Hari Store
Picking and Putting (14671),1,V0348,Hari Store
Picking and Putting (14701),1,V0348,Hari Store
Picking and Putting (14731),1,V0348,Hari Store
Picking and Putting (14751),1,V0349,Hari Store
Picking and Putting (14781),1,V0349,Hari Store
Picking and Putting (14811),1,V0349,Hari Store
Picking and Putting (14841),1,V0349,Hari Store
Picking and Putting (14871),1,V0349,Hari Store
Picking and Putting (14901),1,V0349,Hari Store
Picking and Putting (14931),1,V0349,Hari Store
Picking and Putting (14961),1,V0349,Hari Store
Picking and Putting (14981),1,V0350,Hari Store
Picking and Putting (15011),1,V0350,Hari Store
Picking and Putting (15041),1,V0350,Hari Store
Picking and Putting (15071),1,V0350,Hari Store
Picking and Putting (15101),1,V0350,Hari Store
Picking and Putting (15131),1,V0350,Hari Store
Picking and Putting (15161),1,V0350,Hari Store
Picking and Putting (15191),1,V0350,Hari Store
Picking and Putting (15221),1,V0350,Hari Store
Picking and Putting (15251),1,V0350,Hari Store
Picking and Putting (15281),1,V0350,Hari Store
Picking and Putting (15311),1,V0350,Hari Store
Picking and Putting (15312),1,V0351,Hari Store
Picking and Putting (15342),1,V0351,Hari Store
Picking and Putting (15372),1,V0351,Hari Store
Picking and Putting (15402),1,V0351,Hari Store
Picking and Putting (15432),1,V0351,Hari Store
Picking and Putting (15462),1,V0351,Hari Store
Picking and Putting (15492),1,V0351,Hari Store
Picking and Putting (15522),1,V0351,Hari Store
Picking and Putting (15552),1,V0351,Hari Store
Picking and Putting (15582),1,V0351,Hari Store
Picking and Putting (15612),1,V0351,Hari Store
Picking and Putting (15642),1,V0351,Hari Store
Picking and Putting (15672),1,V0351,Hari Store
Picking and Returning (20193),1,V0352,Hari Store
Picking and Returning (20223),1,V0352,Hari Store
Picking and Returning (20253),1,V0352,Hari Store
Picking and Returning (20283),1,V0352,Hari Store
Picking and Returning (20313),1,V0352,Hari Store
Picking and Returning (20343),1,V0352,Hari Store
Picking and Returning (20373),1,V0352,Hari Store
Picking and Returning (20403),1,V0352,Hari Store
Picking and Returning (20433),1,V0352,Hari Store
Picking and Returning (20463),1,V0352,Hari Store
Picking and Returning (20493),1,V0352,Hari Store
Picking and Returning (20523),1,V0352,Hari Store
Picking and Returning (20553),1,V0352,Hari Store
Picking and Returning (20583),1,V0352,Hari Store
Picking and Returning (20613),1,V0352,Hari Store
Picking and Returning (20643),1,V0352,Hari Store
Picking and Returning (20673),1,V0352,Hari Store
Picking and Returning (20703),1,V0352,Hari Store
Picking and Returning (20730),1,V0352,Hari Store
Picking and Returning (20760),1,V0352,Hari Store
Picking and Returning (20790),1,V0352,Hari Store
Picking and Returning (20820),1,V0352,Hari Store
Picking and Returning (20850),1,V0352,Hari Store
Picking and Returning (20880),1,V0352,Hari Store
Picking and Returning (20910),1,V0352,Hari Store
Picking and Returning (20940),1,V0352,Hari Store
Picking and Returning (20943),1,V0353,Hari Store
Picking and Returning (20973),1,V0353,Hari Store
Picking and Returning (21003),1,V0353,Hari Store
Picking and Returning (21033),1,V0353,Hari Store
Picking and Returning (21063),1,V0353,Hari Store
Picking and Returning (21093),1,V0353,Hari Store
Picking and Returning (21123),1,V0353,Hari Store
Picking and Returning (21153),1,V0353,Hari Store
Picking and Returning (21183),1,V0353,Hari Store
Picking and Returning (21213),1,V0353,Hari Store
Picking and Returning (21243),1,V0353,Hari Store
Picking and Returning (21271),1,V0353,Hari Store
Picking and Returning (21295),1,V0353,Hari Store
Picking and Returning (21325),1,V0353,Hari Store
Picking and Returning (21352),1,V0353,Hari Store
Picking and Returning (21371),1,V0354,Hari Store
Picking and Returning (21401),1,V0354,Hari Store
Picking and Returning (21431),1,V0354,Hari Store
Picking and Returning (21461),1,V0354,Hari Store
Picking and Returning (21486),1,V0354,Hari Store
Picking and Returning (21514),1,V0354,Hari Store
Picking and Returning (21544),1,V0354,Hari Store
Picking and Returning (21574),1,V0354,Hari Store
Picking and Returning (21604),1,V0354,Hari Store
Picking and Returning (21634),1,V0354,Hari Store
Picking and Returning (21664),1,V0354,Hari Store
Picking and Returning (21694),1,V0354,Hari Store
Picking and Returning (21724),1,V0354,Hari Store
Picking and Returning (21754),1,V0354,Hari Store
Picking and Returning (21784),1,V0354,Hari Store
Picking and Returning (21814),1,V0354,Hari Store
Picking and Returning (21844),1,V0354,Hari Store
Picking and Returning (21874),1,V0354,Hari Store
Picking and Returning (21883),1,V0355,Hari Store
Picking and Returning (21913),1,V0355,Hari Store
Picking and Returning (21943),1,V0355,Hari Store
Picking and Returning (21973),1,V0355,Hari Store
Picking and Returning (22001),1,V0355,Hari Store
Picking and Returning (22022),1,V0355,Hari Store
Picking and Returning (22047),1,V0355,Hari Store
Picking and Returning (22077),1,V0355,Hari Store
Picking and Returning (22107),1,V0355,Hari Store
Picking and Returning (22127),1,V0356,Hari Store
Picking and Returning (22157),1,V0356,Hari Store
Picking and Returning (22187),1,V0356,Hari Store
Picking and Returning (22217),1,V0356,Hari Store
Picking and Returning (22247),1,V0356,Hari Store
Picking and Returning (22277),1,V0356,Hari Store
Picking and Returning (22306),1,V0356,Hari Store
Picking and Returning (22330),1,V0356,Hari Store
Picking and Returning (22360),1,V0356,Hari Store
Picking and Returning (22376),1,V0357,Hari Store
Picking and Returning (22406),1,V0357,Hari Store
Picking and Returning (22436),1,V0357,Hari Store
Picking and Returning (22465),1,V0357,Hari Store
Picking and Returning (22493),1,V0357,Hari Store
Picking and Returning (22518),1,V0357,Hari Store
Picking and Returning (22533),1,V0357,Hari Store
Picking and Returning (28531),1,V0357,Hari Store
Picking and Returning (22570),1,V0357,Hari Store
Picking and Returning (22584),1,V0357,Hari Store
Picking and Returning (22603),1,V0357,Hari Store
Picking and Returning (22629),1,V0357,Hari Store
Picking and Returning (22650),1,V0357,Hari Store
Viewing (18215),1,V0358,Hari Store
Viewing (18245),1,V0358,Hari Store
Viewing (18275),1,V0358,Hari Store
Viewing (18305),1,V0358,Hari Store
Viewing (18335),1,V0358,Hari Store
Viewing (18365),1,V0358,Hari Store
Viewing (18395),1,V0358,Hari Store
Viewing (18425),1,V0358,Hari Store
Viewing (18454),1,V0358,Hari Store
Viewing (18484),1,V0358,Hari Store
Viewing (18514),1,V0358,Hari Store
Viewing (18544),1,V0358,Hari Store
Viewing (18574),1,V0358,Hari Store
Viewing (18604),1,V0358,Hari Store
Viewing (18634),1,V0358,Hari Store
Viewing (18664),1,V0358,Hari Store
Viewing (18668),1,V0359,Hari Store
Viewing (18698),1,V0359,Hari Store
Viewing (18728),1,V0359,Hari Store
Viewing (18757),1,V0359,Hari Store
Viewing (18787),1,V0359,Hari Store
Viewing (18817),1,V0359,Hari Store
Viewing (18847),1,V0359,Hari Store
Viewing (18877),1,V0359,Hari Store
Viewing (18907),1,V0359,Hari Store
Viewing (18937),1,V0359,Hari Store
Viewing (18967),1,V0359,Hari Store
Viewing (18997),1,V0359,Hari Store
Viewing (18999),1,V0360,Hari Store
Viewing (19029),1,V0360,Hari Store
Viewing (19057),1,V0360,Hari Store
Viewing (19087),1,V0360,Hari Store
Viewing (19117),1,V0360,Hari Store
Viewing (19147),1,V0360,Hari Store
Viewing (19177),1,V0360,Hari Store
Viewing (19207),1,V0360,Hari Store
Viewing (19237),1,V0360,Hari Store
Viewing (19266),1,V0360,Hari Store
Viewing (19274),1,V0361,Hari Store
Viewing (19304),1,V0361,Hari Store
Viewing (19334),1,V0361,Hari Store
Viewing (26609),1,V0361,Hari Store
Viewing (19351),1,V0361,Hari Store
Viewing (19380),1,V0361,Hari Store
Viewing (19393),1,V0361,Hari Store
Viewing (19423),1,V0361,Hari Store
Viewing (19453),1,V0361,Hari Store
Viewing (19480),1,V0361,Hari Store
Viewing (19509),1,V0361,Hari Store
Viewing (19539),1,V0361,Hari Store
Viewing (19569),1,V0361,Hari Store
Viewing (19580),1,V0362,Hari Store
Viewing (19610),1,V0362,Hari Store
Viewing (19640),1,V0362,Hari Store
Viewing (19670),1,V0362,Hari Store
Viewing (19700),1,V0362,Hari Store
Viewing (19730),1,V0362,Hari Store
Viewing (19760),1,V0362,Hari Store
Viewing (19790),1,V0362,Hari Store
Viewing (19820),1,V0362,Hari Store
Viewing (19828),1,V0363,Hari Store
Viewing (19858),1,V0363,Hari Store
Viewing (19887),1,V0363,Hari Store
Viewing (19917),1,V0363,Hari Store
Viewing (19947),1,V0363,Hari Store
Viewing (19977),1,V0363,Hari Store
Viewing (20007),1,V0363,Hari Store
Viewing (20037),1,V0363,Hari Store
Viewing (20066),1,V0363,Hari Store
No Interest (17735),1,V0377,Haza Mart
No Interest (17765),1,V0377,Haza Mart
No Interest (17795),1,V0377,Haza Mart
No Interest (17825),1,V0377,Haza Mart
No Interest (17855),1,V0377,Haza Mart
No Interest (17885),1,V0377,Haza Mart
No Interest (17915),1,V0377,Haza Mart
No Interest (17945),1,V0377,Haza Mart
No Interest (17975),1,V0377,Haza Mart
No Interest (18005),1,V0377,Haza Mart
No Interest (18035),1,V0377,Haza Mart
No Interest (18065),1,V0377,Haza Mart
No Interest (18095),1,V0377,Haza Mart
No Interest (18125),1,V0377,Haza Mart
No Interest (18152),1,V0378,Haza Mart
No Interest (18182),1,V0378,Haza Mart
No Interest (18212),1,V0378,Haza Mart
No Interest (18242),1,V0378,Haza Mart
No Interest (18272),1,V0378,Haza Mart
No Interest (18302),1,V0378,Haza Mart
No Interest (18332),1,V0378,Haza Mart
No Interest (18362),1,V0378,Haza Mart
No Interest (18392),1,V0378,Haza Mart
No Interest (18422),1,V0378,Haza Mart
No Interest (18452),1,V0378,Haza Mart
No Interest (18482),1,V0378,Haza Mart
No Interest (18497),1,V0379,Haza Mart
No Interest (18527),1,V0379,Haza Mart
No Interest (18557),1,V0379,Haza Mart
No Interest (18587),1,V0379,Haza Mart
No Interest (18617),1,V0379,Haza Mart
No Interest (18647),1,V0379,Haza Mart
No Interest (18677),1,V0379,Haza Mart
No Interest (18707),1,V0379,Haza Mart
No Interest (18737),1,V0379,Haza Mart
No Interest (18767),1,V0379,Haza Mart
No Interest (18797),1,V0379,Haza Mart
No Interest (18827),1,V0379,Haza Mart
No Interest (18857),1,V0379,Haza Mart
No Interest (18866),1,V0380,Haza Mart
No Interest (18896),1,V0380,Haza Mart
No Interest (18926),1,V0380,Haza Mart
No Interest (18956),1,V0380,Haza Mart
No Interest (18986),1,V0380,Haza Mart
No Interest (19016),1,V0380,Haza Mart
No Interest (19046),1,V0380,Haza Mart
No Interest (19076),1,V0380,Haza Mart
No Interest (19106),1,V0380,Haza Mart
No Interest (19136),1,V0380,Haza Mart
No Interest (19166),1,V0380,Haza Mart
No Interest (19196),1,V0380,Haza Mart
No Interest (19222),1,V0381,Haza Mart
No Interest (19252),1,V0381,Haza Mart
No Interest (19282),1,V0381,Haza Mart
No Interest (19312),1,V0381,Haza Mart
No Interest (19342),1,V0381,Haza Mart
No Interest (19372),1,V0381,Haza Mart
No Interest (19402),1,V0381,Haza Mart
No Interest (19432),1,V0381,Haza Mart
No Interest (19462),1,V0381,Haza Mart
No Interest (19492),1,V0381,Haza Mart
No Interest (19522),1,V0381,Haza Mart
No Interest (19552),1,V0381,Haza Mart
No Interest (19582),1,V0381,Haza Mart
No Interest (19612),1,V0381,Haza Mart
No Interest (19642),1,V0381,Haza Mart
No Interest (19672),1,V0381,Haza Mart
No Interest (19702),1,V0381,Haza Mart
No Interest (19732),1,V0381,Haza Mart
No Interest (19762),1,V0381,Haza Mart
No Interest (19792),1,V0381,Haza Mart
No Interest (19822),1,V0381,Haza Mart
Picking and Putting (16458),1,V0382,Haza Mart
Picking and Putting (21264),1,V0382,Haza Mart
Picking and Putting (16514),1,V0382,Haza Mart
Picking and Putting (16543),1,V0382,Haza Mart
Picking and Putting (16573),1,V0382,Haza Mart
Picking and Putting (16603),1,V0382,Haza Mart
Picking and Putting (16629),1,V0382,Haza Mart
Picking and Putting (16657),1,V0382,Haza Mart
Picking and Putting (16685),1,V0382,Haza Mart
Picking and Putting (16712),1,V0382,Haza Mart
Picking and Putting (16742),1,V0382,Haza Mart
Picking and Putting (16772),1,V0382,Haza Mart
Picking and Putting (16784),1,V0383,Haza Mart
Picking and Putting (16814),1,V0383,Haza Mart
Picking and Putting (16844),1,V0383,Haza Mart
Picking and Putting (16873),1,V0383,Haza Mart
Picking and Putting (16903),1,V0383,Haza Mart
Picking and Putting (16933),1,V0383,Haza Mart
Picking and Putting (16963),1,V0383,Haza Mart
Picking and Putting (16993),1,V0383,Haza Mart
Picking and Putting (17023),1,V0383,Haza Mart
Picking and Putting (17053),1,V0383,Haza Mart
Picking and Putting (17082),1,V0383,Haza Mart
Picking and Putting (17104),1,V0384,Haza Mart
Picking and Putting (17125),1,V0384,Haza Mart
Picking and Putting (17155),1,V0384,Haza Mart
Picking and Putting (17184),1,V0384,Haza Mart
Picking and Putting (17214),1,V0384,Haza Mart
Picking and Putting (17244),1,V0384,Haza Mart
Picking and Putting (17274),1,V0384,Haza Mart
Picking and Putting (17304),1,V0384,Haza Mart
Picking and Putting (17333),1,V0384,Haza Mart
Picking and Putting (17363),1,V0384,Haza Mart
Picking and Putting (17374),1,V0385,Haza Mart
Picking and Putting (17404),1,V0385,Haza Mart
Picking and Putting (17434),1,V0385,Haza Mart
Picking and Putting (17464),1,V0385,Haza Mart
Picking and Putting (17493),1,V0385,Haza Mart
Picking and Putting (17523),1,V0385,Haza Mart
Picking and Putting (17553),1,V0385,Haza Mart
Picking and Putting (17582),1,V0385,Haza Mart
Picking and Putting (17612),1,V0385,Haza Mart
Picking and Putting (17642),1,V0385,Haza Mart
Picking and Putting (17672),1,V0385,Haza Mart
Picking and Putting (17700),1,V0385,Haza Mart
Picking and Putting (17724),1,V0386,Haza Mart
Picking and Putting (17753),1,V0386,Haza Mart
Picking and Putting (17783),1,V0386,Haza Mart
Picking and Putting (17813),1,V0386,Haza Mart
Picking and Putting (17843),1,V0386,Haza Mart
Picking and Putting (17872),1,V0386,Haza Mart
Picking and Putting (17902),1,V0386,Haza Mart
Picking and Putting (17931),1,V0386,Haza Mart
Picking and Putting (17961),1,V0386,Haza Mart
Picking and Putting (17991),1,V0386,Haza Mart
Picking and Putting (17992),1,V0387,Haza Mart
Picking and Putting (18022),1,V0387,Haza Mart
Picking and Putting (18052),1,V0387,Haza Mart
Picking and Putting (18082),1,V0387,Haza Mart
Picking and Putting (18112),1,V0387,Haza Mart
Picking and Putting (18142),1,V0387,Haza Mart
Picking and Putting (18172),1,V0387,Haza Mart
Picking and Putting (18202),1,V0387,Haza Mart
Picking and Putting (18232),1,V0387,Haza Mart
Picking and Putting (18261),1,V0387,Haza Mart
Picking and Putting (18291),1,V0387,Haza Mart
Picking and Putting (18315),1,V0388,Haza Mart
Picking and Putting (18345),1,V0388,Haza Mart
Picking and Putting (18375),1,V0388,Haza Mart
Picking and Putting (18405),1,V0388,Haza Mart
Picking and Putting (18435),1,V0388,Haza Mart
Picking and Putting (18465),1,V0388,Haza Mart
Picking and Putting (18495),1,V0388,Haza Mart
Picking and Putting (18525),1,V0388,Haza Mart
Picking and Putting (18553),1,V0388,Haza Mart
Picking and Putting (18578),1,V0388,Haza Mart
Picking and Putting (18607),1,V0388,Haza Mart
Picking and Putting (18637),1,V0388,Haza Mart
Picking and Returning (22677),1,V0389,Haza Mart
Picking and Returning (22707),1,V0389,Haza Mart
Picking and Returning (22737),1,V0389,Haza Mart
Picking and Returning (22767),1,V0389,Haza Mart
Picking and Returning (22797),1,V0389,Haza Mart
Picking and Returning (28591),1,V0389,Haza Mart
Picking and Returning (22854),1,V0389,Haza Mart
Picking and Returning (22879),1,V0389,Haza Mart
Picking and Returning (22909),1,V0389,Haza Mart
Picking and Returning (22939),1,V0389,Haza Mart
Picking and Returning (22969),1,V0389,Haza Mart
Picking and Returning (22999),1,V0389,Haza Mart
Picking and Returning (23029),1,V0389,Haza Mart
Picking and Returning (23058),1,V0389,Haza Mart
Picking and Returning (23088),1,V0389,Haza Mart
Picking and Returning (23118),1,V0389,Haza Mart
Picking and Returning (23134),1,V0390,Haza Mart
Picking and Returning (23164),1,V0390,Haza Mart
Picking and Returning (23194),1,V0390,Haza Mart
Picking and Returning (23224),1,V0390,Haza Mart
Picking and Returning (23254),1,V0390,Haza Mart
Picking and Returning (23284),1,V0390,Haza Mart
Picking and Returning (23314),1,V0390,Haza Mart
Picking and Returning (23344),1,V0390,Haza Mart
Picking and Returning (23374),1,V0390,Haza Mart
Picking and Returning (23404),1,V0390,Haza Mart
Picking and Returning (23434),1,V0390,Haza Mart
Picking and Returning (23464),1,V0390,Haza Mart
Picking and Returning (23494),1,V0390,Haza Mart
Picking and Returning (23524),1,V0390,Haza Mart
Picking and Returning (23554),1,V0390,Haza Mart
Picking and Returning (23584),1,V0390,Haza Mart
Picking and Returning (23614),1,V0390,Haza Mart
Picking and Returning (23633),1,V0391,Haza Mart
Picking and Returning (23663),1,V0391,Haza Mart
Picking and Returning (23693),1,V0391,Haza Mart
Picking and Returning (23723),1,V0391,Haza Mart
Picking and Returning (23753),1,V0391,Haza Mart
Picking and Returning (23783),1,V0391,Haza Mart
Picking and Returning (23813),1,V0391,Haza Mart
Picking and Returning (23843),1,V0391,Haza Mart
Picking and Returning (23873),1,V0391,Haza Mart
Picking and Returning (23903),1,V0391,Haza Mart
Picking and Returning (23933),1,V0391,Haza Mart
Picking and Returning (23963),1,V0391,Haza Mart
Picking and Returning (23993),1,V0391,Haza Mart
Picking and Returning (24003),1,V0392,Haza Mart
Picking and Returning (24033),1,V0392,Haza Mart
Picking and Returning (24061),1,V0392,Haza Mart
Picking and Returning (24091),1,V0392,Haza Mart
Picking and Returning (24106),1,V0392,Haza Mart
Picking and Returning (28617),1,V0392,Haza Mart
Picking and Returning (24161),1,V0392,Haza Mart
Picking and Returning (24191),1,V0392,Haza Mart
Picking and Returning (24221),1,V0392,Haza Mart
Picking and Returning (24232),1,V0393,Haza Mart
Picking and Returning (24262),1,V0393,Haza Mart
Picking and Returning (24292),1,V0393,Haza Mart
Picking and Returning (24322),1,V0393,Haza Mart
Picking and Returning (28621),1,V0393,Haza Mart
Picking and Returning (24381),1,V0393,Haza Mart
Picking and Returning (24411),1,V0393,Haza Mart
Picking and Returning (24441),1,V0393,Haza Mart
Picking and Returning (24471),1,V0393,Haza Mart
Picking and Returning (24501),1,V0393,Haza Mart
Picking and Returning (24531),1,V0393,Haza Mart
Picking and Returning (24561),1,V0393,Haza Mart
Picking and Returning (24591),1,V0393,Haza Mart
Picking and Returning (24621),1,V0393,Haza Mart
Picking and Returning (24636),1,V0394,Haza Mart
Picking and Returning (24666),1,V0394,Haza Mart
Picking and Returning (24693),1,V0394,Haza Mart
Picking and Returning (24723),1,V0394,Haza Mart
Picking and Returning (24752),1,V0394,Haza Mart
Picking and Returning (24781),1,V0394,Haza Mart
Picking and Returning (24811),1,V0394,Haza Mart
Touching (28888),1,V0395,Haza Mart
Touching (23527),1,V0395,Haza Mart
Touching (23557),1,V0395,Haza Mart
Touching (23587),1,V0395,Haza Mart
Touching (23617),1,V0395,Haza Mart
Touching (23647),1,V0395,Haza Mart
Touching (23677),1,V0395,Haza Mart
Touching (23707),1,V0395,Haza Mart
Touching (23736),1,V0395,Haza Mart
Touching (23766),1,V0395,Haza Mart
Touching (23796),1,V0395,Haza Mart
Touching (23826),1,V0395,Haza Mart
Touching (23856),1,V0395,Haza Mart
Touching (23886),1,V0395,Haza Mart
Touching (23916),1,V0395,Haza Mart
Touching (23946),1,V0395,Haza Mart
Touching (23976),1,V0395,Haza Mart
Touching (24006),1,V0395,Haza Mart
Touching (24036),1,V0395,Haza Mart
Touching (24066),1,V0395,Haza Mart
Touching (24096),1,V0395,Haza Mart
Touching (24126),1,V0395,Haza Mart
Touching (24156),1,V0395,Haza Mart
Touching (24186),1,V0395,Haza Mart
Touching (24194),1,V0396,Haza Mart
Touching (24223),1,V0396,Haza Mart
Touching (24251),1,V0396,Haza Mart
Touching (24281),1,V0396,Haza Mart
Touching (24310),1,V0396,Haza Mart
Touching (24340),1,V0396,Haza Mart
Touching (24370),1,V0396,Haza Mart
Touching (24400),1,V0396,Haza Mart
Touching (24430),1,V0396,Haza Mart
Touching (24460),1,V0396,Haza Mart
Touching (24488),1,V0396,Haza Mart
Touching (24518),1,V0396,Haza Mart
Touching (24547),1,V0396,Haza Mart
Touching (24577),1,V0396,Haza Mart
Touching (24607),1,V0396,Haza Mart
Touching (24637),1,V0396,Haza Mart
Touching (24650),1,V0397,Haza Mart
Touching (24680),1,V0397,Haza Mart
Touching (24710),1,V0397,Haza Mart
Touching (24740),1,V0397,Haza Mart
Touching (24770),1,V0397,Haza Mart
Touching (24800),1,V0397,Haza Mart
Touching (24830),1,V0397,Haza Mart
Touching (24860),1,V0397,Haza Mart
Touching (24890),1,V0397,Haza Mart
Touching (24917),1,V0398,Haza Mart
Touching (24947),1,V0398,Haza Mart
Touching (24976),1,V0398,Haza Mart
Touching (25006),1,V0398,Haza Mart
Touching (25036),1,V0398,Haza Mart
Touching (25066),1,V0398,Haza Mart
Touching (25096),1,V0398,Haza Mart
Touching (25126),1,V0398,Haza Mart
Touching (25156),1,V0398,Haza Mart
Touching (25186),1,V0398,Haza Mart
Touching (25216),1,V0398,Haza Mart
Touching (25239),1,V0398,Haza Mart
Touching (25266),1,V0398,Haza Mart
Touching (25294),1,V0398,Haza Mart
Touching (25324),1,V0398,Haza Mart
Touching (25353),1,V0398,Haza Mart
Touching (25383),1,V0399,Haza Mart
Touching (25413),1,V0399,Haza Mart
Touching (25442),1,V0399,Haza Mart
Touching (25472),1,V0399,Haza Mart
Touching (25497),1,V0399,Haza Mart
Touching (28916),1,V0399,Haza Mart
Touching (25556),1,V0399,Haza Mart
Touching (25586),1,V0399,Haza Mart
Touching (25616),1,V0399,Haza Mart
Touching (25646),1,V0399,Haza Mart
Touching (25676),1,V0399,Haza Mart
Touching (25706),1,V0399,Haza Mart
Touching (25736),1,V0399,Haza Mart
Touching (25766),1,V0399,Haza Mart
Touching (25796),1,V0399,Haza Mart
Touching (25826),1,V0399,Haza Mart
Touching (25856),1,V0399,Haza Mart
Touching (25873),1,V0400,Haza Mart
Touching (25903),1,V0400,Haza Mart
Touching (25932),1,V0400,Haza Mart
Touching (25962),1,V0400,Haza Mart
Touching (25992),1,V0400,Haza Mart
Touching (26022),1,V0400,Haza Mart
Touching (26052),1,V0400,Haza Mart
Touching (26082),1,V0400,Haza Mart
Touching (26112),1,V0400,Haza Mart
Touching (26142),1,V0400,Haza Mart
Touching (26172),1,V0400,Haza Mart
Touching (28918),1,V0400,Haza Mart
Touching (26230),1,V0400,Haza Mart
Touching (26260),1,V0400,Haza Mart
Touching (26290),1,V0400,Haza Mart
Turning To Shelf (23346),1,V0401,Haza Mart
Turning To Shelf (23376),1,V0401,Haza Mart
Turning To Shelf (23406),1,V0401,Haza Mart
Turning To Shelf (23431),1,V0401,Haza Mart
Turning To Shelf (23461),1,V0401,Haza Mart
Turning To Shelf (23490),1,V0401,Haza Mart
Turning To Shelf (23518),1,V0401,Haza Mart
Turning To Shelf (23540),1,V0401,Haza Mart
Turning To Shelf (23568),1,V0401,Haza Mart
Turning To Shelf (23598),1,V0401,Haza Mart
Turning To Shelf (23628),1,V0401,Haza Mart
Turning To Shelf (23658),1,V0401,Haza Mart
Turning To Shelf (23688),1,V0401,Haza Mart
Turning To Shelf (23718),1,V0401,Haza Mart
Turning To Shelf (23748),1,V0401,Haza Mart
Turning To Shelf (23778),1,V0401,Haza Mart
Turning To Shelf (23808),1,V0401,Haza Mart
Turning To Shelf (23838),1,V0401,Haza Mart
Turning To Shelf (23868),1,V0401,Haza Mart
Turning To Shelf (23895),1,V0401,Haza Mart
Turning To Shelf (23917),1,V0401,Haza Mart
Turning To Shelf (23930),1,V0401,Haza Mart
Turning To Shelf (23960),1,V0401,Haza Mart
Turning To Shelf (23990),1,V0401,Haza Mart
Turning To Shelf (24020),1,V0401,Haza Mart
Turning To Shelf (24050),1,V0401,Haza Mart
Turning To Shelf (24080),1,V0401,Haza Mart
Turning To Shelf (24110),1,V0401,Haza Mart
Turning To Shelf (24140),1,V0401,Haza Mart
Turning To Shelf (24170),1,V0401,Haza Mart
Turning To Shelf (24188),1,V0402,Haza Mart
Turning To Shelf (24218),1,V0402,Haza Mart
Turning To Shelf (24248),1,V0402,Haza Mart
Turning To Shelf (24278),1,V0402,Haza Mart
Turning To Shelf (24308),1,V0402,Haza Mart
Turning To Shelf (24338),1,V0402,Haza Mart
Turning To Shelf (24366),1,V0402,Haza Mart
Turning To Shelf (24396),1,V0402,Haza Mart
Turning To Shelf (24426),1,V0402,Haza Mart
Turning To Shelf (24456),1,V0402,Haza Mart
Turning To Shelf (24486),1,V0402,Haza Mart
Turning To Shelf (24516),1,V0402,Haza Mart
Turning To Shelf (30137),1,V0402,Haza Mart
Turning To Shelf (24571),1,V0402,Haza Mart
Turning To Shelf (24601),1,V0402,Haza Mart
Turning To Shelf (24631),1,V0402,Haza Mart
Turning To Shelf (24633),1,V0403,Haza Mart
Turning To Shelf (30154),1,V0403,Haza Mart
Turning To Shelf (24676),1,V0403,Haza Mart
Turning To Shelf (24706),1,V0403,Haza Mart
Turning To Shelf (30160),1,V0403,Haza Mart
Turning To Shelf (30189),1,V0403,Haza Mart
Turning To Shelf (24756),1,V0403,Haza Mart
Turning To Shelf (24786),1,V0403,Haza Mart
Turning To Shelf (30197),1,V0403,Haza Mart
Turning To Shelf (24842),1,V0403,Haza Mart
Turning To Shelf (24872),1,V0403,Haza Mart
Turning To Shelf (24902),1,V0403,Haza Mart
Turning To Shelf (24932),1,V0403,Haza Mart
Turning To Shelf (24962),1,V0403,Haza Mart
Turning To Shelf (24992),1,V0403,Haza Mart
Turning To Shelf (25022),1,V0403,Haza Mart
Turning To Shelf (25052),1,V0403,Haza Mart
Turning To Shelf (25066),1,V0404,Haza Mart
Turning To Shelf (25096),1,V0404,Haza Mart
Turning To Shelf (25126),1,V0404,Haza Mart
Turning To Shelf (25151),1,V0404,Haza Mart
Turning To Shelf (25181),1,V0404,Haza Mart
Turning To Shelf (25211),1,V0404,Haza Mart
Turning To Shelf (25241),1,V0404,Haza Mart
Turning To Shelf (25271),1,V0404,Haza Mart
Turning To Shelf (25301),1,V0404,Haza Mart
Turning To Shelf (25331),1,V0404,Haza Mart
Turning To Shelf (25361),1,V0404,Haza Mart
Turning To Shelf (25391),1,V0404,Haza Mart
Turning To Shelf (25421),1,V0404,Haza Mart
Turning To Shelf (25450),1,V0404,Haza Mart
Turning To Shelf (25480),1,V0404,Haza Mart
Turning To Shelf (25510),1,V0404,Haza Mart
Turning To Shelf (25524),1,V0405,Haza Mart
Turning To Shelf (25554),1,V0405,Haza Mart
Turning To Shelf (25584),1,V0405,Haza Mart
Turning To Shelf (25614),1,V0405,Haza Mart
Turning To Shelf (25642),1,V0405,Haza Mart
Turning To Shelf (25665),1,V0405,Haza Mart
Turning To Shelf (25695),1,V0405,Haza Mart
Turning To Shelf (25725),1,V0405,Haza Mart
Turning To Shelf (25755),1,V0405,Haza Mart
Turning To Shelf (25785),1,V0405,Haza Mart
Turning To Shelf (25815),1,V0405,Haza Mart
Turning To Shelf (25845),1,V0405,Haza Mart
Turning To Shelf (25873),1,V0405,Haza Mart
Turning To Shelf (25893),1,V0406,Haza Mart
Turning To Shelf (25923),1,V0406,Haza Mart
Turning To Shelf (25953),1,V0406,Haza Mart
Turning To Shelf (25983),1,V0406,Haza Mart
Turning To Shelf (26013),1,V0406,Haza Mart
Turning To Shelf (26043),1,V0406,Haza Mart
Turning To Shelf (26073),1,V0406,Haza Mart
Turning To Shelf (30217),1,V0406,Haza Mart
Turning To Shelf (26130),1,V0406,Haza Mart
Turning To Shelf (26160),1,V0406,Haza Mart
Turning To Shelf (26190),1,V0406,Haza Mart
Turning To Shelf (26220),1,V0406,Haza Mart
Turning To Shelf (26250),1,V0406,Haza Mart
Turning To Shelf (26276),1,V0406,Haza Mart
Turning To Shelf (26306),1,V0406,Haza Mart
Turning To Shelf (26336),1,V0406,Haza Mart
Turning To Shelf (26339),1,V0407,Haza Mart
Turning To Shelf (26369),1,V0407,Haza Mart
Turning To Shelf (26399),1,V0407,Haza Mart
Turning To Shelf (26429),1,V0407,Haza Mart
Turning To Shelf (26459),1,V0407,Haza Mart
Turning To Shelf (26489),1,V0407,Haza Mart
Turning To Shelf (26519),1,V0407,Haza Mart
Turning To Shelf (26549),1,V0407,Haza Mart
Turning To Shelf (26579),1,V0407,Haza Mart
Turning To Shelf (26609),1,V0407,Haza Mart
Turning To Shelf (26636),1,V0407,Haza Mart
Turning To Shelf (26666),1,V0407,Haza Mart
Turning To Shelf (26696),1,V0407,Haza Mart
Turning To Shelf (26726),1,V0407,Haza Mart
Turning To Shelf (26753),1,V0407,Haza Mart
Turning To Shelf (26780),1,V0407,Haza Mart
Turning To Shelf (26810),1,V0407,Haza Mart
Turning To Shelf (26840),1,V0407,Haza Mart
Turning To Shelf (26870),1,V0407,Haza Mart
Turning To Shelf (26900),1,V0407,Haza Mart
Turning To Shelf (26930),1,V0407,Haza Mart
Viewing (20491),1,V0408,Haza Mart
Viewing (20521),1,V0408,Haza Mart
Viewing (20551),1,V0408,Haza Mart
Viewing (20581),1,V0408,Haza Mart
Viewing (20611),1,V0408,Haza Mart
Viewing (20641),1,V0408,Haza Mart
Viewing (20671),1,V0408,Haza Mart
Viewing (20701),1,V0408,Haza Mart
Viewing (20731),1,V0408,Haza Mart
Viewing (20761),1,V0408,Haza Mart
Viewing (20791),1,V0408,Haza Mart
Viewing (20821),1,V0408,Haza Mart
Viewing (20850),1,V0408,Haza Mart
Viewing (20880),1,V0408,Haza Mart
Viewing (20910),1,V0408,Haza Mart
Viewing (20939),1,V0408,Haza Mart
Viewing (20969),1,V0408,Haza Mart
Viewing (20999),1,V0408,Haza Mart
Viewing (21029),1,V0409,Haza Mart
Viewing (21059),1,V0409,Haza Mart
Viewing (21089),1,V0409,Haza Mart
Viewing (21119),1,V0409,Haza Mart
Viewing (21149),1,V0409,Haza Mart
Viewing (21179),1,V0409,Haza Mart
Viewing (21209),1,V0409,Haza Mart
Viewing (21239),1,V0409,Haza Mart
Viewing (21269),1,V0409,Haza Mart
Viewing (21299),1,V0409,Haza Mart
Viewing (21329),1,V0409,Haza Mart
Viewing (21359),1,V0409,Haza Mart
Viewing (21389),1,V0409,Haza Mart
Viewing (21419),1,V0409,Haza Mart
Viewing (21449),1,V0409,Haza Mart
Viewing (21479),1,V0409,Haza Mart
Viewing (21500),1,V0410,Haza Mart
Viewing (21530),1,V0410,Haza Mart
Viewing (21560),1,V0410,Haza Mart
Viewing (21590),1,V0410,Haza Mart
Viewing (21620),1,V0410,Haza Mart
Viewing (21650),1,V0410,Haza Mart
Viewing (21680),1,V0410,Haza Mart
Viewing (21710),1,V0410,Haza Mart
Viewing (21740),1,V0410,Haza Mart
Viewing (21770),1,V0410,Haza Mart
Viewing (21800),1,V0410,Haza Mart
Viewing (21830),1,V0410,Haza Mart
Viewing (21860),1,V0410,Haza Mart
Viewing (21876),1,V0411,Haza Mart
Viewing (21906),1,V0411,Haza Mart
Viewing (21936),1,V0411,Haza Mart
Viewing (21966),1,V0411,Haza Mart
Viewing (21996),1,V0411,Haza Mart
Viewing (22026),1,V0411,Haza Mart
Viewing (22056),1,V0411,Haza Mart
Viewing (22086),1,V0411,Haza Mart
Viewing (22116),1,V0411,Haza Mart
Viewing (22146),1,V0411,Haza Mart
Viewing (22176),1,V0411,Haza Mart
Viewing (22206),1,V0411,Haza Mart
Viewing (22236),1,V0411,Haza Mart
Viewing (22244),1,V0412,Haza Mart
Viewing (22274),1,V0412,Haza Mart
Viewing (22304),1,V0412,Haza Mart
Viewing (22334),1,V0412,Haza Mart
Viewing (22364),1,V0412,Haza Mart
Viewing (22394),1,V0412,Haza Mart
Viewing (22424),1,V0412,Haza Mart
Viewing (22454),1,V0412,Haza Mart
Viewing (22484),1,V0412,Haza Mart
Viewing (22514),1,V0412,Haza Mart
Viewing (22544),1,V0412,Haza Mart
Viewing (22574),1,V0412,Haza Mart
Viewing (22604),1,V0412,Haza Mart
Viewing (22634),1,V0412,Haza Mart
Viewing (22664),1,V0412,Haza Mart
Viewing (22669),1,V0413,Haza Mart
Viewing (22699),1,V0413,Haza Mart
Viewing (22729),1,V0413,Haza Mart
Viewing (22759),1,V0413,Haza Mart
Viewing (22789),1,V0413,Haza Mart
Viewing (22819),1,V0413,Haza Mart
Viewing (22849),1,V0413,Haza Mart
Viewing (22879),1,V0413,Haza Mart
Viewing (22909),1,V0413,Haza Mart
Viewing (22939),1,V0413,Haza Mart
Viewing (22969),1,V0413,Haza Mart
Viewing (22999),1,V0413,Haza Mart
Viewing (23028),1,V0413,Haza Mart
Viewing (23048),1,V0414,Haza Mart
Viewing (23078),1,V0414,Haza Mart
Viewing (23108),1,V0414,Haza Mart
Viewing (23138),1,V0414,Haza Mart
Viewing (23168),1,V0414,Haza Mart
Viewing (23198),1,V0414,Haza Mart
Viewing (23228),1,V0414,Haza Mart
Viewing (23258),1,V0414,Haza Mart
Viewing (23288),1,V0414,Haza Mart
Viewing (23318),1,V0414,Haza Mart
Viewing (23348),1,V0414,Haza Mart
Viewing (23378),1,V0414,Haza Mart
Viewing (23408),1,V0414,Haza Mart
No Interest (23349),1,V0454,Rehana Store
No Interest (23379),1,V0454,Rehana Store
No Interest (23409),1,V0454,Rehana Store
No Interest (23439),1,V0454,Rehana Store
No Interest (23469),1,V0454,Rehana Store
No Interest (23499),1,V0454,Rehana Store
No Interest (23529),1,V0454,Rehana Store
No Interest (23559),1,V0454,Rehana Store
No Interest (23589),1,V0454,Rehana Store
No Interest (23015),1,V0454,Rehana Store
No Interest (23642),1,V0454,Rehana Store
No Interest (23672),1,V0454,Rehana Store
No Interest (23702),1,V0454,Rehana Store
No Interest (23718),1,V0455,Rehana Store
No Interest (23748),1,V0455,Rehana Store
No Interest (23778),1,V0455,Rehana Store
No Interest (23808),1,V0455,Rehana Store
No Interest (23838),1,V0455,Rehana Store
No Interest (23868),1,V0455,Rehana Store
No Interest (23898),1,V0455,Rehana Store
No Interest (23928),1,V0455,Rehana Store
No Interest (23958),1,V0455,Rehana Store
No Interest (23988),1,V0455,Rehana Store
No Interest (24018),1,V0455,Rehana Store
No Interest (24048),1,V0455,Rehana Store
No Interest (24078),1,V0455,Rehana Store
No Interest (24108),1,V0455,Rehana Store
No Interest (24120),1,V0456,Rehana Store
No Interest (24150),1,V0456,Rehana Store
No Interest (24180),1,V0456,Rehana Store
No Interest (24210),1,V0456,Rehana Store
No Interest (24240),1,V0456,Rehana Store
No Interest (24270),1,V0456,Rehana Store
No Interest (24300),1,V0456,Rehana Store
No Interest (24330),1,V0456,Rehana Store
No Interest (24360),1,V0456,Rehana Store
No Interest (24390),1,V0456,Rehana Store
No Interest (24420),1,V0456,Rehana Store
No Interest (24444),1,V0457,Rehana Store
No Interest (24474),1,V0457,Rehana Store
No Interest (24504),1,V0457,Rehana Store
No Interest (24534),1,V0457,Rehana Store
No Interest (24564),1,V0457,Rehana Store
No Interest (24594),1,V0457,Rehana Store
No Interest (24624),1,V0457,Rehana Store
No Interest (24654),1,V0457,Rehana Store
No Interest (24684),1,V0457,Rehana Store
No Interest (24714),1,V0457,Rehana Store
No Interest (24744),1,V0457,Rehana Store
No Interest (24745),1,V0458,Rehana Store
No Interest (24775),1,V0458,Rehana Store
No Interest (24805),1,V0458,Rehana Store
No Interest (24835),1,V0458,Rehana Store
No Interest (24865),1,V0458,Rehana Store
No Interest (24895),1,V0458,Rehana Store
No Interest (24925),1,V0458,Rehana Store
No Interest (24955),1,V0458,Rehana Store
No Interest (24985),1,V0458,Rehana Store
No Interest (25015),1,V0458,Rehana Store
No Interest (25045),1,V0458,Rehana Store
No Interest (25075),1,V0458,Rehana Store
No Interest (25105),1,V0458,Rehana Store
No Interest (25135),1,V0458,Rehana Store
No Interest (25163),1,V0459,Rehana Store
No Interest (25193),1,V0459,Rehana Store
No Interest (25223),1,V0459,Rehana Store
Picking and Putting (21820),1,V0460,Rehana Store
Picking and Putting (21850),1,V0460,Rehana Store
Picking and Putting (21880),1,V0460,Rehana Store
Picking and Putting (21910),1,V0460,Rehana Store
Picking and Putting (21940),1,V0460,Rehana Store
Picking and Putting (21970),1,V0460,Rehana Store
Picking and Putting (22000),1,V0460,Rehana Store
Picking and Putting (22030),1,V0460,Rehana Store
Picking and Putting (22060),1,V0460,Rehana Store
Picking and Putting (22090),1,V0460,Rehana Store
Picking and Putting (22120),1,V0460,Rehana Store
Picking and Putting (22150),1,V0460,Rehana Store
Picking and Putting (22180),1,V0460,Rehana Store
Picking and Putting (22210),1,V0460,Rehana Store
Picking and Putting (22596),1,V0462,Rehana Store
Picking and Putting (22626),1,V0462,Rehana Store
Picking and Putting (22656),1,V0462,Rehana Store
Picking and Putting (22686),1,V0462,Rehana Store
Picking and Putting (22716),1,V0462,Rehana Store
Picking and Putting (22746),1,V0462,Rehana Store
Picking and Putting (22776),1,V0462,Rehana Store
Picking and Putting (22806),1,V0462,Rehana Store
Picking and Putting (22836),1,V0462,Rehana Store
Picking and Putting (22866),1,V0462,Rehana Store
Picking and Putting (22896),1,V0462,Rehana Store
Picking and Putting (22908),1,V0463,Rehana Store
Picking and Putting (22938),1,V0463,Rehana Store
Picking and Putting (22968),1,V0463,Rehana Store
Picking and Putting (22998),1,V0463,Rehana Store
Picking and Putting (23028),1,V0463,Rehana Store
Picking and Putting (23058),1,V0463,Rehana Store
Picking and Putting (23088),1,V0463,Rehana Store
Picking and Putting (23118),1,V0463,Rehana Store
Picking and Putting (23148),1,V0463,Rehana Store
Picking and Putting (23178),1,V0463,Rehana Store
Picking and Putting (23208),1,V0463,Rehana Store
Picking and Putting (23238),1,V0463,Rehana Store
Picking and Putting (23268),1,V0463,Rehana Store
Picking and Putting (23276),1,V0464,Rehana Store
Picking and Putting (23306),1,V0464,Rehana Store
Picking and Putting (23336),1,V0464,Rehana Store
Picking and Putting (23365),1,V0464,Rehana Store
Picking and Putting (23395),1,V0464,Rehana Store
Picking and Putting (23424),1,V0464,Rehana Store
Picking and Putting (23454),1,V0464,Rehana Store
Picking and Putting (23484),1,V0464,Rehana Store
Picking and Putting (23514),1,V0464,Rehana Store
Picking and Putting (23544),1,V0464,Rehana Store
Picking and Returning (29013),1,V0465,Rehana Store
Picking and Returning (29043),1,V0465,Rehana Store
Picking and Returning (29073),1,V0465,Rehana Store
Picking and Returning (29103),1,V0465,Rehana Store
Picking and Returning (29133),1,V0465,Rehana Store
Picking and Returning (29163),1,V0465,Rehana Store
Picking and Returning (29193),1,V0465,Rehana Store
Picking and Returning (29223),1,V0465,Rehana Store
Picking and Returning (29253),1,V0465,Rehana Store
Picking and Returning (29283),1,V0465,Rehana Store
Picking and Returning (29313),1,V0465,Rehana Store
Picking and Returning (29343),1,V0465,Rehana Store
Picking and Returning (29373),1,V0465,Rehana Store
Picking and Returning (29403),1,V0465,Rehana Store
Picking and Returning (29433),1,V0465,Rehana Store
Picking and Returning (29463),1,V0465,Rehana Store
Picking and Returning (29493),1,V0465,Rehana Store
Picking and Returning (29523),1,V0465,Rehana Store
Picking and Returning (29553),1,V0465,Rehana Store
Picking and Returning (29583),1,V0465,Rehana Store
Picking and Returning (29613),1,V0465,Rehana Store
Picking and Returning (29621),1,V0466,Rehana Store
Picking and Returning (29651),1,V0466,Rehana Store
Picking and Returning (29681),1,V0466,Rehana Store
Picking and Returning (29711),1,V0466,Rehana Store
Picking and Returning (29741),1,V0466,Rehana Store
Picking and Returning (29771),1,V0466,Rehana Store
Picking and Returning (29801),1,V0466,Rehana Store
Picking and Returning (29831),1,V0466,Rehana Store
Picking and Returning (29861),1,V0466,Rehana Store
Picking and Returning (29891),1,V0466,Rehana Store
Picking and Returning (29921),1,V0466,Rehana Store
Picking and Returning (29951),1,V0466,Rehana Store
Picking and Returning (29981),1,V0466,Rehana Store
Picking and Returning (30011),1,V0466,Rehana Store
Picking and Returning (30041),1,V0466,Rehana Store
Picking and Returning (30071),1,V0466,Rehana Store
Picking and Returning (30101),1,V0466,Rehana Store
Picking and Returning (30131),1,V0466,Rehana Store
Picking and Returning (30161),1,V0466,Rehana Store
Picking and Returning (30191),1,V0466,Rehana Store
Picking and Returning (30221),1,V0466,Rehana Store
Picking and Returning (30238),1,V0467,Rehana Store
Picking and Returning (30268),1,V0467,Rehana Store
Picking and Returning (30298),1,V0467,Rehana Store
Picking and Returning (30328),1,V0467,Rehana Store
Picking and Returning (30358),1,V0467,Rehana Store
Picking and Returning (30388),1,V0467,Rehana Store
Picking and Returning (30418),1,V0467,Rehana Store
Picking and Returning (30447),1,V0467,Rehana Store
Picking and Returning (30477),1,V0467,Rehana Store
Picking and Returning (30507),1,V0467,Rehana Store
Picking and Returning (30537),1,V0467,Rehana Store
Picking and Returning (30567),1,V0467,Rehana Store
Picking and Returning (30597),1,V0467,Rehana Store
Picking and Returning (30627),1,V0467,Rehana Store
Picking and Returning (30657),1,V0467,Rehana Store
Picking and Returning (30687),1,V0467,Rehana Store
Picking and Returning (30717),1,V0467,Rehana Store
Picking and Returning (30747),1,V0467,Rehana Store
Picking and Returning (30777),1,V0467,Rehana Store
Picking and Returning (30807),1,V0467,Rehana Store
Picking and Returning (30837),1,V0467,Rehana Store
Picking and Returning (30843),1,V0468,Rehana Store
Picking and Returning (30873),1,V0468,Rehana Store
Picking and Returning (30903),1,V0468,Rehana Store
Picking and Returning (30933),1,V0468,Rehana Store
Picking and Returning (30963),1,V0468,Rehana Store
Picking and Returning (30993),1,V0468,Rehana Store
Picking and Returning (31023),1,V0468,Rehana Store
Picking and Returning (31053),1,V0468,Rehana Store
Picking and Returning (31083),1,V0468,Rehana Store
Picking and Returning (31113),1,V0468,Rehana Store
Picking and Returning (31143),1,V0468,Rehana Store
Picking and Returning (31173),1,V0468,Rehana Store
Picking and Returning (31203),1,V0468,Rehana Store
Picking and Returning (31233),1,V0468,Rehana Store
Picking and Returning (31263),1,V0468,Rehana Store
Picking and Returning (31293),1,V0468,Rehana Store
Picking and Returning (31323),1,V0468,Rehana Store
Picking and Returning (31353),1,V0468,Rehana Store
Picking and Returning (31383),1,V0468,Rehana Store
Picking and Returning (31413),1,V0468,Rehana Store
Picking and Returning (31434),1,V0469,Rehana Store
Picking and Returning (31464),1,V0469,Rehana Store
Picking and Returning (31494),1,V0469,Rehana Store
Picking and Returning (31524),1,V0469,Rehana Store
Picking and Returning (31554),1,V0469,Rehana Store
Picking and Returning (31584),1,V0469,Rehana Store
Picking and Returning (31614),1,V0469,Rehana Store
Picking and Returning (31644),1,V0469,Rehana Store
Picking and Returning (31674),1,V0469,Rehana Store
Picking and Returning (31704),1,V0469,Rehana Store
Picking and Returning (31734),1,V0469,Rehana Store
Picking and Returning (31764),1,V0469,Rehana Store
Picking and Returning (31794),1,V0469,Rehana Store
Picking and Returning (31824),1,V0469,Rehana Store
Picking and Returning (31854),1,V0469,Rehana Store
Picking and Returning (31884),1,V0469,Rehana Store
Picking and Returning (31914),1,V0469,Rehana Store
Picking and Returning (31944),1,V0469,Rehana Store
Picking and Returning (31974),1,V0469,Rehana Store
Picking and Returning (32004),1,V0469,Rehana Store
Picking and Returning (32034),1,V0469,Rehana Store
Picking and Returning (32050),1,V0470,Rehana Store
Picking and Returning (32080),1,V0470,Rehana Store
Picking and Returning (32110),1,V0470,Rehana Store
Picking and Returning (32140),1,V0470,Rehana Store
Picking and Returning (32170),1,V0470,Rehana Store
Picking and Returning (32200),1,V0470,Rehana Store
Picking and Returning (32230),1,V0470,Rehana Store
Picking and Returning (32260),1,V0470,Rehana Store
Touching (33010),1,V0471,Rehana Store
Touching (33039),1,V0471,Rehana Store
Touching (33063),1,V0471,Rehana Store
Touching (33093),1,V0471,Rehana Store
Touching (33123),1,V0471,Rehana Store
Touching (33153),1,V0471,Rehana Store
Touching (29094),1,V0471,Rehana Store
Touching (33211),1,V0471,Rehana Store
Touching (29120),1,V0471,Rehana Store
Touching (29150),1,V0471,Rehana Store
Touching (29180),1,V0471,Rehana Store
Touching (29209),1,V0471,Rehana Store
Touching (29239),1,V0471,Rehana Store
Touching (29255),1,V0471,Rehana Store
Touching (29274),1,V0471,Rehana Store
Touching (33262),1,V0471,Rehana Store
Touching (33292),1,V0471,Rehana Store
Touching (33322),1,V0471,Rehana Store
Touching (29585),1,V0472,Rehana Store
Touching (29600),1,V0473,Rehana Store
Touching (29630),1,V0473,Rehana Store
Touching (29660),1,V0473,Rehana Store
Touching (29690),1,V0473,Rehana Store
Touching (29720),1,V0473,Rehana Store
Touching (29750),1,V0473,Rehana Store
Touching (29780),1,V0473,Rehana Store
Touching (29810),1,V0473,Rehana Store
Touching (29840),1,V0473,Rehana Store
Touching (29870),1,V0473,Rehana Store
Touching (29900),1,V0473,Rehana Store
Touching (29930),1,V0473,Rehana Store
Touching (29960),1,V0473,Rehana Store
Touching (29990),1,V0473,Rehana Store
Touching (30020),1,V0473,Rehana Store
Touching (30050),1,V0473,Rehana Store
Touching (30080),1,V0473,Rehana Store
Touching (30110),1,V0473,Rehana Store
Touching (30140),1,V0473,Rehana Store
Touching (30170),1,V0473,Rehana Store
Touching (30200),1,V0473,Rehana Store
Touching (30228),1,V0474,Rehana Store
Touching (30258),1,V0474,Rehana Store
Touching (30288),1,V0474,Rehana Store
Touching (30318),1,V0474,Rehana Store
Touching (30348),1,V0474,Rehana Store
Touching (30378),1,V0474,Rehana Store
Touching (30408),1,V0474,Rehana Store
Touching (30438),1,V0474,Rehana Store
Touching (30468),1,V0474,Rehana Store
Touching (30498),1,V0474,Rehana Store
Touching (30528),1,V0474,Rehana Store
Touching (30558),1,V0474,Rehana Store
Touching (30588),1,V0474,Rehana Store
Touching (30618),1,V0474,Rehana Store
Touching (30648),1,V0474,Rehana Store
Touching (30678),1,V0474,Rehana Store
Touching (30708),1,V0474,Rehana Store
Touching (30738),1,V0474,Rehana Store
Touching (30768),1,V0474,Rehana Store
Touching (30798),1,V0474,Rehana Store
Touching (30828),1,V0474,Rehana Store
Touching (30857),1,V0475,Rehana Store
Touching (30887),1,V0475,Rehana Store
Touching (30917),1,V0475,Rehana Store
Touching (30947),1,V0475,Rehana Store
Touching (30977),1,V0475,Rehana Store
Touching (31007),1,V0475,Rehana Store
Touching (31037),1,V0475,Rehana Store
Touching (31067),1,V0475,Rehana Store
Touching (31097),1,V0475,Rehana Store
Touching (31127),1,V0475,Rehana Store
Touching (31157),1,V0475,Rehana Store
Touching (31187),1,V0475,Rehana Store
Touching (31217),1,V0475,Rehana Store
Touching (31247),1,V0475,Rehana Store
Touching (31277),1,V0475,Rehana Store
Touching (31307),1,V0475,Rehana Store
Touching (31337),1,V0475,Rehana Store
Touching (31367),1,V0475,Rehana Store
Touching (31397),1,V0475,Rehana Store
Touching (31425),1,V0475,Rehana Store
Touching (31452),1,V0475,Rehana Store
Touching (31478),1,V0476,Rehana Store
Touching (31507),1,V0476,Rehana Store
Touching (31537),1,V0476,Rehana Store
Touching (31566),1,V0476,Rehana Store
Touching (31593),1,V0476,Rehana Store
Touching (31616),1,V0476,Rehana Store
Touching (31640),1,V0476,Rehana Store
Touching (31670),1,V0476,Rehana Store
Touching (31700),1,V0476,Rehana Store
Touching (31730),1,V0476,Rehana Store
Touching (31748),1,V0477,Rehana Store
Touching (31778),1,V0477,Rehana Store
Touching (31808),1,V0477,Rehana Store
Touching (31838),1,V0477,Rehana Store
Touching (31868),1,V0477,Rehana Store
Touching (31898),1,V0477,Rehana Store
Touching (31928),1,V0477,Rehana Store
Touching (31958),1,V0477,Rehana Store
Touching (31988),1,V0477,Rehana Store
Touching (32018),1,V0477,Rehana Store
Touching (32048),1,V0477,Rehana Store
Touching (32078),1,V0477,Rehana Store
Touching (32108),1,V0477,Rehana Store
Touching (32138),1,V0477,Rehana Store
Touching (32168),1,V0477,Rehana Store
Touching (32198),1,V0477,Rehana Store
Touching (32228),1,V0477,Rehana Store
Touching (32258),1,V0477,Rehana Store
Touching (32288),1,V0477,Rehana Store
Touching (32318),1,V0477,Rehana Store
Touching (32348),1,V0477,Rehana Store
Touching (32370),1,V0478,Rehana Store
Touching (32400),1,V0478,Rehana Store
Touching (32430),1,V0478,Rehana Store
Touching (32460),1,V0479,Rehana Store
Touching (32490),1,V0479,Rehana Store
Touching (32520),1,V0479,Rehana Store
Touching (32550),1,V0479,Rehana Store
Touching (32580),1,V0479,Rehana Store
Touching (32610),1,V0479,Rehana Store
Touching (32640),1,V0479,Rehana Store
Touching (32670),1,V0479,Rehana Store
Touching (32700),1,V0479,Rehana Store
Touching (32730),1,V0479,Rehana Store
Touching (32760),1,V0479,Rehana Store
Touching (32790),1,V0479,Rehana Store
Touching (32820),1,V0479,Rehana Store
Touching (32850),1,V0479,Rehana Store
Touching (32880),1,V0479,Rehana Store
Touching (29058),1,V0479,Rehana Store
Touching (32910),1,V0479,Rehana Store
Touching (32939),1,V0479,Rehana Store
Touching (32969),1,V0479,Rehana Store
Touching (32992),1,V0479,Rehana Store
Turning To Shelf (32262),1,V0480,Rehana Store
Turning To Shelf (32292),1,V0480,Rehana Store
Turning To Shelf (32322),1,V0480,Rehana Store
Turning To Shelf (32352),1,V0480,Rehana Store
Turning To Shelf (32382),1,V0480,Rehana Store
Turning To Shelf (32412),1,V0480,Rehana Store
Turning To Shelf (32442),1,V0480,Rehana Store
Turning To Shelf (32472),1,V0480,Rehana Store
Turning To Shelf (32502),1,V0480,Rehana Store
Turning To Shelf (32532),1,V0480,Rehana Store
Turning To Shelf (32562),1,V0480,Rehana Store
Turning To Shelf (32592),1,V0480,Rehana Store
Turning To Shelf (32622),1,V0480,Rehana Store
Turning To Shelf (32652),1,V0480,Rehana Store
Turning To Shelf (32682),1,V0480,Rehana Store
Turning To Shelf (32712),1,V0480,Rehana Store
Turning To Shelf (32742),1,V0480,Rehana Store
Turning To Shelf (32772),1,V0480,Rehana Store
Turning To Shelf (30851),1,V0481,Rehana Store
Turning To Shelf (30881),1,V0481,Rehana Store
Turning To Shelf (30911),1,V0481,Rehana Store
Turning To Shelf (30941),1,V0481,Rehana Store
Turning To Shelf (30954),1,V0481,Rehana Store
Turning To Shelf (30363),1,V0481,Rehana Store
Turning To Shelf (31010),1,V0481,Rehana Store
Turning To Shelf (31040),1,V0481,Rehana Store
Turning To Shelf (31070),1,V0481,Rehana Store
Turning To Shelf (31100),1,V0481,Rehana Store
Turning To Shelf (31130),1,V0481,Rehana Store
Turning To Shelf (31160),1,V0481,Rehana Store
Turning To Shelf (31190),1,V0481,Rehana Store
Turning To Shelf (31220),1,V0481,Rehana Store
Turning To Shelf (31250),1,V0481,Rehana Store
Turning To Shelf (31280),1,V0481,Rehana Store
Turning To Shelf (31310),1,V0481,Rehana Store
Turning To Shelf (31340),1,V0481,Rehana Store
Turning To Shelf (31370),1,V0481,Rehana Store
Turning To Shelf (31400),1,V0481,Rehana Store
Turning To Shelf (31428),1,V0482,Rehana Store
Turning To Shelf (31458),1,V0482,Rehana Store
Turning To Shelf (31488),1,V0482,Rehana Store
Turning To Shelf (31518),1,V0482,Rehana Store
Turning To Shelf (31548),1,V0482,Rehana Store
Turning To Shelf (31578),1,V0482,Rehana Store
Turning To Shelf (31608),1,V0482,Rehana Store
Turning To Shelf (31631),1,V0482,Rehana Store
Turning To Shelf (31661),1,V0482,Rehana Store
Turning To Shelf (31691),1,V0482,Rehana Store
Turning To Shelf (31721),1,V0482,Rehana Store
Turning To Shelf (31751),1,V0482,Rehana Store
Turning To Shelf (31781),1,V0482,Rehana Store
Turning To Shelf (31811),1,V0482,Rehana Store
Turning To Shelf (31841),1,V0482,Rehana Store
Turning To Shelf (31871),1,V0482,Rehana Store
Turning To Shelf (31901),1,V0482,Rehana Store
Turning To Shelf (31931),1,V0482,Rehana Store
Turning To Shelf (31960),1,V0482,Rehana Store
Turning To Shelf (31985),1,V0483,Rehana Store
Turning To Shelf (32015),1,V0483,Rehana Store
Turning To Shelf (32045),1,V0483,Rehana Store
Turning To Shelf (32075),1,V0483,Rehana Store
Turning To Shelf (32105),1,V0483,Rehana Store
Turning To Shelf (32135),1,V0483,Rehana Store
Turning To Shelf (32165),1,V0483,Rehana Store
Turning To Shelf (32195),1,V0483,Rehana Store
Turning To Shelf (32225),1,V0483,Rehana Store
Turning To Shelf (32255),1,V0483,Rehana Store
Turning To Shelf (32850),1,V0484,Rehana Store
Turning To Shelf (32877),1,V0484,Rehana Store
Turning To Shelf (32904),1,V0484,Rehana Store
Turning To Shelf (32929),1,V0484,Rehana Store
Turning To Shelf (32957),1,V0484,Rehana Store
Turning To Shelf (32981),1,V0484,Rehana Store
Turning To Shelf (33008),1,V0484,Rehana Store
Turning To Shelf (30388),1,V0484,Rehana Store
Turning To Shelf (33043),1,V0484,Rehana Store
Turning To Shelf (33070),1,V0484,Rehana Store
Turning To Shelf (33097),1,V0484,Rehana Store
Turning To Shelf (33124),1,V0484,Rehana Store
Turning To Shelf (33144),1,V0484,Rehana Store
Turning To Shelf (33168),1,V0484,Rehana Store
Turning To Shelf (33195),1,V0484,Rehana Store
Turning To Shelf (33220),1,V0484,Rehana Store
Turning To Shelf (33248),1,V0484,Rehana Store
Turning To Shelf (33276),1,V0484,Rehana Store
Turning To Shelf (33305),1,V0484,Rehana Store
Turning To Shelf (33333),1,V0484,Rehana Store
Turning To Shelf (33347),1,V0485,Rehana Store
Turning To Shelf (33377),1,V0485,Rehana Store
Turning To Shelf (33407),1,V0485,Rehana Store
Turning To Shelf (33437),1,V0485,Rehana Store
Turning To Shelf (33464),1,V0485,Rehana Store
Turning To Shelf (33494),1,V0485,Rehana Store
Turning To Shelf (33524),1,V0485,Rehana Store
Turning To Shelf (33545),1,V0485,Rehana Store
Turning To Shelf (33574),1,V0485,Rehana Store
Turning To Shelf (33604),1,V0485,Rehana Store
Turning To Shelf (33634),1,V0485,Rehana Store
Turning To Shelf (33664),1,V0485,Rehana Store
Turning To Shelf (33694),1,V0485,Rehana Store
Turning To Shelf (33724),1,V0485,Rehana Store
Turning To Shelf (33754),1,V0485,Rehana Store
Turning To Shelf (33784),1,V0485,Rehana Store
Turning To Shelf (33814),1,V0485,Rehana Store
Turning To Shelf (33844),1,V0485,Rehana Store
Viewing (28615),1,V0486,Rehana Store
Viewing (28645),1,V0486,Rehana Store
Viewing (28675),1,V0486,Rehana Store
Viewing (28705),1,V0486,Rehana Store
Viewing (28735),1,V0486,Rehana Store
Viewing (28761),1,V0486,Rehana Store
Viewing (28787),1,V0486,Rehana Store
Viewing (28817),1,V0486,Rehana Store
Viewing (28847),1,V0486,Rehana Store
Viewing (28877),1,V0486,Rehana Store
Viewing (28907),1,V0486,Rehana Store
Viewing (28924),1,V0487,Rehana Store
Viewing (26870),1,V0487,Rehana Store
Viewing (26891),1,V0487,Rehana Store
Viewing (28985),1,V0487,Rehana Store
Viewing (29014),1,V0487,Rehana Store
Viewing (29044),1,V0487,Rehana Store
Viewing (29074),1,V0487,Rehana Store
Viewing (29104),1,V0487,Rehana Store
Viewing (29134),1,V0487,Rehana Store
Viewing (29161),1,V0487,Rehana Store
Viewing (29191),1,V0487,Rehana Store
Viewing (29221),1,V0487,Rehana Store
Viewing (29251),1,V0487,Rehana Store
Viewing (29281),1,V0487,Rehana Store
Viewing (29306),1,V0488,Rehana Store
Viewing (29336),1,V0488,Rehana Store
Viewing (29366),1,V0488,Rehana Store
Viewing (29390),1,V0488,Rehana Store
Viewing (29420),1,V0488,Rehana Store
Viewing (29449),1,V0488,Rehana Store
Viewing (26921),1,V0488,Rehana Store
Viewing (26951),1,V0488,Rehana Store
Viewing (26981),1,V0488,Rehana Store
Viewing (29494),1,V0488,Rehana Store
Viewing (29523),1,V0488,Rehana Store
Viewing (29553),1,V0488,Rehana Store
Viewing (26997),1,V0488,Rehana Store
Viewing (27016),1,V0488,Rehana Store
Viewing (27046),1,V0488,Rehana Store
Viewing (27076),1,V0488,Rehana Store
Viewing (29592),1,V0489,Rehana Store
Viewing (29622),1,V0489,Rehana Store
Viewing (27112),1,V0489,Rehana Store
Viewing (27142),1,V0489,Rehana Store
Viewing (27172),1,V0489,Rehana Store
Viewing (27190),1,V0489,Rehana Store
Viewing (29663),1,V0489,Rehana Store
Viewing (29692),1,V0489,Rehana Store
Viewing (29722),1,V0489,Rehana Store
Viewing (29749),1,V0489,Rehana Store
Viewing (27227),1,V0489,Rehana Store
Viewing (27257),1,V0489,Rehana Store
Viewing (27287),1,V0489,Rehana Store
Viewing (29773),1,V0489,Rehana Store
Viewing (29803),1,V0489,Rehana Store
Viewing (29833),1,V0489,Rehana Store
Viewing (29862),1,V0489,Rehana Store
Viewing (29884),1,V0489,Rehana Store
Viewing (29896),1,V0490,Rehana Store
Viewing (29926),1,V0490,Rehana Store
Viewing (29956),1,V0490,Rehana Store
Viewing (29986),1,V0490,Rehana Store
Viewing (30016),1,V0490,Rehana Store
Viewing (30046),1,V0490,Rehana Store
Viewing (30076),1,V0490,Rehana Store
Viewing (30106),1,V0490,Rehana Store
Viewing (30136),1,V0490,Rehana Store
Viewing (30166),1,V0490,Rehana Store
Viewing (30196),1,V0490,Rehana Store
Viewing (30226),1,V0490,Rehana Store
Viewing (30256),1,V0490,Rehana Store
Viewing (30286),1,V0490,Rehana Store
Viewing (30316),1,V0490,Rehana Store
Viewing (30346),1,V0490,Rehana Store
Viewing (30376),1,V0490,Rehana Store
Viewing (30378),1,V0491,Rehana Store
Viewing (30408),1,V0491,Rehana Store
Viewing (30438),1,V0491,Rehana Store
Viewing (30468),1,V0491,Rehana Store
Viewing (30498),1,V0491,Rehana Store
Viewing (30528),1,V0491,Rehana Store
Viewing (30558),1,V0491,Rehana Store
Viewing (30588),1,V0491,Rehana Store
Viewing (30618),1,V0491,Rehana Store
Viewing (30648),1,V0491,Rehana Store
Viewing (30678),1,V0491,Rehana Store
Viewing (30708),1,V0491,Rehana Store
Viewing (30738),1,V0491,Rehana Store
Viewing (30768),1,V0491,Rehana Store
Viewing (30790),1,V0491,Rehana Store
Viewing (30820),1,V0491,Rehana Store
Viewing (30844),1,V0491,Rehana Store
Viewing (30874),1,V0491,Rehana Store
Viewing (30880),1,V0492,Rehana Store
Viewing (30910),1,V0492,Rehana Store
Viewing (30940),1,V0492,Rehana Store
Picking and Putting (25269),1,V0535,Senyum 2 Store
Picking and Putting (25299),1,V0535,Senyum 2 Store
Picking and Putting (25329),1,V0535,Senyum 2 Store
Picking and Putting (25359),1,V0535,Senyum 2 Store
Picking and Putting (25389),1,V0535,Senyum 2 Store
Picking and Putting (25419),1,V0535,Senyum 2 Store
Picking and Putting (25449),1,V0535,Senyum 2 Store
Picking and Putting (25479),1,V0535,Senyum 2 Store
Picking and Putting (25509),1,V0535,Senyum 2 Store
Picking and Putting (25539),1,V0535,Senyum 2 Store
Picking and Putting (25569),1,V0535,Senyum 2 Store
Picking and Putting (25577),1,V0536,Senyum 2 Store
Picking and Putting (25607),1,V0536,Senyum 2 Store
Picking and Putting (25637),1,V0536,Senyum 2 Store
Picking and Putting (25667),1,V0536,Senyum 2 Store
Picking and Putting (25697),1,V0536,Senyum 2 Store
Picking and Putting (25727),1,V0536,Senyum 2 Store
Picking and Putting (25757),1,V0536,Senyum 2 Store
Picking and Putting (25787),1,V0536,Senyum 2 Store
Picking and Putting (25817),1,V0536,Senyum 2 Store
Picking and Putting (25847),1,V0536,Senyum 2 Store
Picking and Putting (25849),1,V0537,Senyum 2 Store
Picking and Putting (25878),1,V0537,Senyum 2 Store
Picking and Putting (25908),1,V0537,Senyum 2 Store
Picking and Putting (25938),1,V0537,Senyum 2 Store
Picking and Putting (25968),1,V0537,Senyum 2 Store
Picking and Putting (25998),1,V0537,Senyum 2 Store
Picking and Putting (26028),1,V0537,Senyum 2 Store
Picking and Putting (26058),1,V0537,Senyum 2 Store
Picking and Putting (26088),1,V0537,Senyum 2 Store
Picking and Putting (26118),1,V0537,Senyum 2 Store
Picking and Putting (26148),1,V0537,Senyum 2 Store
Picking and Putting (26163),1,V0538,Senyum 2 Store
Picking and Putting (26193),1,V0538,Senyum 2 Store
Picking and Putting (26223),1,V0538,Senyum 2 Store
Picking and Putting (26253),1,V0538,Senyum 2 Store
Picking and Putting (26283),1,V0538,Senyum 2 Store
Picking and Putting (26313),1,V0538,Senyum 2 Store
Picking and Putting (26343),1,V0538,Senyum 2 Store
Picking and Putting (26373),1,V0538,Senyum 2 Store
Picking and Putting (26403),1,V0538,Senyum 2 Store
Picking and Putting (26433),1,V0538,Senyum 2 Store
Picking and Putting (26463),1,V0538,Senyum 2 Store
Picking and Putting (26472),1,V0539,Senyum 2 Store
Picking and Putting (26502),1,V0539,Senyum 2 Store
Picking and Putting (26532),1,V0539,Senyum 2 Store
Picking and Putting (26562),1,V0539,Senyum 2 Store
Picking and Putting (26592),1,V0539,Senyum 2 Store
Picking and Putting (26622),1,V0539,Senyum 2 Store
Picking and Putting (26652),1,V0539,Senyum 2 Store
Picking and Putting (26682),1,V0539,Senyum 2 Store
Picking and Putting (26712),1,V0539,Senyum 2 Store
Picking and Putting (26742),1,V0539,Senyum 2 Store
Picking and Putting (26772),1,V0539,Senyum 2 Store
Picking and Putting (26802),1,V0539,Senyum 2 Store
Picking and Putting (26831),1,V0539,Senyum 2 Store
Picking and Putting (26861),1,V0539,Senyum 2 Store
Picking and Putting (26891),1,V0539,Senyum 2 Store
Picking and Putting (26921),1,V0539,Senyum 2 Store
Picking and Putting (26951),1,V0539,Senyum 2 Store
Picking and Putting (26981),1,V0539,Senyum 2 Store
Picking and Returning (35376),1,V0540,Senyum 2 Store
Picking and Returning (35406),1,V0540,Senyum 2 Store
Picking and Returning (35436),1,V0540,Senyum 2 Store
Picking and Returning (35466),1,V0540,Senyum 2 Store
Picking and Returning (35496),1,V0540,Senyum 2 Store
Picking and Returning (35526),1,V0540,Senyum 2 Store
Picking and Returning (35556),1,V0540,Senyum 2 Store
Picking and Returning (35586),1,V0540,Senyum 2 Store
Picking and Returning (35616),1,V0540,Senyum 2 Store
Picking and Returning (35646),1,V0540,Senyum 2 Store
Picking and Returning (35676),1,V0540,Senyum 2 Store
Picking and Returning (35706),1,V0540,Senyum 2 Store
Picking and Returning (35736),1,V0540,Senyum 2 Store
Picking and Returning (35766),1,V0540,Senyum 2 Store
Picking and Returning (35796),1,V0540,Senyum 2 Store
Picking and Returning (35826),1,V0540,Senyum 2 Store
Picking and Returning (35856),1,V0540,Senyum 2 Store
Picking and Returning (35886),1,V0540,Senyum 2 Store
Picking and Returning (35916),1,V0540,Senyum 2 Store
Picking and Returning (35946),1,V0540,Senyum 2 Store
Picking and Returning (35976),1,V0540,Senyum 2 Store
Picking and Returning (36006),1,V0540,Senyum 2 Store
Picking and Returning (36036),1,V0540,Senyum 2 Store
Picking and Returning (36066),1,V0540,Senyum 2 Store
Picking and Returning (36096),1,V0540,Senyum 2 Store
Picking and Returning (36126),1,V0540,Senyum 2 Store
Picking and Returning (36156),1,V0540,Senyum 2 Store
Picking and Returning (36186),1,V0540,Senyum 2 Store
Picking and Returning (36216),1,V0540,Senyum 2 Store
Picking and Returning (36246),1,V0540,Senyum 2 Store
Picking and Returning (36276),1,V0540,Senyum 2 Store
Picking and Returning (36306),1,V0540,Senyum 2 Store
Picking and Returning (36336),1,V0540,Senyum 2 Store
Picking and Returning (36366),1,V0540,Senyum 2 Store
Picking and Returning (36381),1,V0541,Senyum 2 Store
Picking and Returning (36411),1,V0541,Senyum 2 Store
Picking and Returning (36441),1,V0541,Senyum 2 Store
Picking and Returning (36471),1,V0541,Senyum 2 Store
Picking and Returning (36501),1,V0541,Senyum 2 Store
Picking and Returning (36531),1,V0541,Senyum 2 Store
Picking and Returning (36561),1,V0541,Senyum 2 Store
Picking and Returning (36591),1,V0541,Senyum 2 Store
Picking and Returning (36621),1,V0541,Senyum 2 Store
Picking and Returning (36651),1,V0541,Senyum 2 Store
Picking and Returning (36681),1,V0541,Senyum 2 Store
Picking and Returning (36711),1,V0541,Senyum 2 Store
Picking and Returning (36741),1,V0541,Senyum 2 Store
Picking and Returning (36771),1,V0541,Senyum 2 Store
Picking and Returning (36801),1,V0541,Senyum 2 Store
Picking and Returning (36831),1,V0541,Senyum 2 Store
Picking and Returning (36861),1,V0541,Senyum 2 Store
Picking and Returning (36870),1,V0542,Senyum 2 Store
Picking and Returning (36900),1,V0542,Senyum 2 Store
Picking and Returning (36930),1,V0542,Senyum 2 Store
Picking and Returning (36960),1,V0542,Senyum 2 Store
Picking and Returning (36990),1,V0542,Senyum 2 Store
Picking and Returning (37020),1,V0542,Senyum 2 Store
Picking and Returning (37050),1,V0542,Senyum 2 Store
Picking and Returning (37080),1,V0542,Senyum 2 Store
Picking and Returning (37110),1,V0542,Senyum 2 Store
Picking and Returning (37140),1,V0542,Senyum 2 Store
Picking and Returning (37170),1,V0542,Senyum 2 Store
Picking and Returning (37200),1,V0542,Senyum 2 Store
Picking and Returning (37230),1,V0542,Senyum 2 Store
Picking and Returning (37260),1,V0542,Senyum 2 Store
Picking and Returning (37290),1,V0542,Senyum 2 Store
Picking and Returning (37320),1,V0542,Senyum 2 Store
Picking and Returning (37350),1,V0542,Senyum 2 Store
Picking and Returning (37380),1,V0542,Senyum 2 Store
Picking and Returning (37409),1,V0543,Senyum 2 Store
Picking and Returning (37439),1,V0543,Senyum 2 Store
Picking and Returning (37469),1,V0543,Senyum 2 Store
Picking and Returning (37499),1,V0543,Senyum 2 Store
Picking and Returning (37529),1,V0543,Senyum 2 Store
Picking and Returning (37559),1,V0543,Senyum 2 Store
Picking and Returning (37589),1,V0543,Senyum 2 Store
Picking and Returning (37619),1,V0543,Senyum 2 Store
Picking and Returning (37649),1,V0543,Senyum 2 Store
Picking and Returning (37679),1,V0543,Senyum 2 Store
Picking and Returning (37709),1,V0543,Senyum 2 Store
Picking and Returning (37739),1,V0543,Senyum 2 Store
Picking and Returning (37769),1,V0543,Senyum 2 Store
Picking and Returning (37770),1,V0544,Senyum 2 Store
Picking and Returning (37800),1,V0544,Senyum 2 Store
Picking and Returning (37830),1,V0544,Senyum 2 Store
Picking and Returning (37860),1,V0544,Senyum 2 Store
Picking and Returning (37890),1,V0544,Senyum 2 Store
Picking and Returning (37920),1,V0544,Senyum 2 Store
Picking and Returning (37950),1,V0544,Senyum 2 Store
Picking and Returning (37980),1,V0544,Senyum 2 Store
Picking and Returning (38010),1,V0544,Senyum 2 Store
Picking and Returning (38040),1,V0544,Senyum 2 Store
Picking and Returning (38070),1,V0544,Senyum 2 Store
Picking and Returning (38100),1,V0544,Senyum 2 Store
Picking and Returning (38130),1,V0544,Senyum 2 Store
Picking and Returning (38160),1,V0544,Senyum 2 Store
Picking and Returning (38190),1,V0544,Senyum 2 Store
Picking and Returning (38220),1,V0544,Senyum 2 Store
Picking and Returning (38250),1,V0544,Senyum 2 Store
Picking and Returning (38280),1,V0544,Senyum 2 Store
Picking and Returning (38310),1,V0544,Senyum 2 Store
Picking and Returning (38340),1,V0544,Senyum 2 Store
Picking and Returning (38359),1,V0545,Senyum 2 Store
Picking and Returning (38389),1,V0545,Senyum 2 Store
Picking and Returning (38419),1,V0545,Senyum 2 Store
Picking and Returning (38449),1,V0545,Senyum 2 Store
Picking and Returning (38479),1,V0545,Senyum 2 Store
Picking and Returning (38509),1,V0545,Senyum 2 Store
Picking and Returning (38539),1,V0545,Senyum 2 Store
Picking and Returning (38569),1,V0545,Senyum 2 Store
Picking and Returning (38599),1,V0545,Senyum 2 Store
Picking and Returning (38629),1,V0545,Senyum 2 Store
Picking and Returning (38659),1,V0545,Senyum 2 Store
Picking and Returning (38689),1,V0545,Senyum 2 Store
Picking and Returning (38719),1,V0545,Senyum 2 Store
Picking and Returning (38749),1,V0545,Senyum 2 Store
Picking and Returning (38779),1,V0545,Senyum 2 Store
Picking and Returning (38809),1,V0545,Senyum 2 Store
Picking and Returning (38839),1,V0545,Senyum 2 Store
Picking and Returning (38869),1,V0545,Senyum 2 Store
Turning To Shelf (37013),1,V0546,Senyum 2 Store
Turning To Shelf (37043),1,V0546,Senyum 2 Store
Turning To Shelf (37073),1,V0546,Senyum 2 Store
Turning To Shelf (37103),1,V0546,Senyum 2 Store
Turning To Shelf (37133),1,V0546,Senyum 2 Store
Turning To Shelf (37163),1,V0546,Senyum 2 Store
Turning To Shelf (37193),1,V0546,Senyum 2 Store
Turning To Shelf (37223),1,V0546,Senyum 2 Store
Turning To Shelf (37253),1,V0546,Senyum 2 Store
Turning To Shelf (37283),1,V0546,Senyum 2 Store
Turning To Shelf (37313),1,V0546,Senyum 2 Store
Turning To Shelf (37343),1,V0546,Senyum 2 Store
Turning To Shelf (37373),1,V0546,Senyum 2 Store
Turning To Shelf (37403),1,V0546,Senyum 2 Store
Turning To Shelf (37433),1,V0546,Senyum 2 Store
Turning To Shelf (37463),1,V0546,Senyum 2 Store
Turning To Shelf (37493),1,V0546,Senyum 2 Store
Turning To Shelf (37523),1,V0546,Senyum 2 Store
Turning To Shelf (37553),1,V0546,Senyum 2 Store
Turning To Shelf (37583),1,V0546,Senyum 2 Store
Turning To Shelf (37613),1,V0546,Senyum 2 Store
Turning To Shelf (37643),1,V0546,Senyum 2 Store
Turning To Shelf (37673),1,V0546,Senyum 2 Store
Turning To Shelf (37703),1,V0546,Senyum 2 Store
Turning To Shelf (37733),1,V0546,Senyum 2 Store
Turning To Shelf (37763),1,V0546,Senyum 2 Store
Turning To Shelf (37793),1,V0546,Senyum 2 Store
Turning To Shelf (37823),1,V0546,Senyum 2 Store
Turning To Shelf (37853),1,V0546,Senyum 2 Store
Turning To Shelf (37883),1,V0546,Senyum 2 Store
Turning To Shelf (37913),1,V0546,Senyum 2 Store
Turning To Shelf (37934),1,V0547,Senyum 2 Store
Turning To Shelf (37958),1,V0547,Senyum 2 Store
Turning To Shelf (37988),1,V0547,Senyum 2 Store
Turning To Shelf (38018),1,V0547,Senyum 2 Store
Turning To Shelf (38045),1,V0547,Senyum 2 Store
Turning To Shelf (38075),1,V0547,Senyum 2 Store
Turning To Shelf (38105),1,V0547,Senyum 2 Store
Turning To Shelf (38135),1,V0547,Senyum 2 Store
Turning To Shelf (38165),1,V0547,Senyum 2 Store
Turning To Shelf (38195),1,V0547,Senyum 2 Store
Turning To Shelf (38225),1,V0547,Senyum 2 Store
Turning To Shelf (38255),1,V0547,Senyum 2 Store
Turning To Shelf (38284),1,V0547,Senyum 2 Store
Turning To Shelf (38305),1,V0548,Senyum 2 Store
Turning To Shelf (38335),1,V0548,Senyum 2 Store
Turning To Shelf (38365),1,V0548,Senyum 2 Store
Turning To Shelf (38395),1,V0548,Senyum 2 Store
Turning To Shelf (38425),1,V0548,Senyum 2 Store
Turning To Shelf (38455),1,V0548,Senyum 2 Store
Turning To Shelf (38484),1,V0548,Senyum 2 Store
Turning To Shelf (38514),1,V0548,Senyum 2 Store
Turning To Shelf (38544),1,V0548,Senyum 2 Store
Turning To Shelf (38574),1,V0548,Senyum 2 Store
Turning To Shelf (38576),1,V0549,Senyum 2 Store
Turning To Shelf (38606),1,V0549,Senyum 2 Store
Turning To Shelf (30618),1,V0549,Senyum 2 Store
Turning To Shelf (30648),1,V0549,Senyum 2 Store
Turning To Shelf (38658),1,V0549,Senyum 2 Store
Turning To Shelf (38678),1,V0549,Senyum 2 Store
Turning To Shelf (38708),1,V0549,Senyum 2 Store
Turning To Shelf (38738),1,V0549,Senyum 2 Store
Turning To Shelf (38768),1,V0549,Senyum 2 Store
Turning To Shelf (38795),1,V0549,Senyum 2 Store
Turning To Shelf (38813),1,V0549,Senyum 2 Store
Turning To Shelf (38839),1,V0549,Senyum 2 Store
Turning To Shelf (38868),1,V0549,Senyum 2 Store
Turning To Shelf (38896),1,V0549,Senyum 2 Store
Turning To Shelf (30690),1,V0549,Senyum 2 Store
Turning To Shelf (38931),1,V0549,Senyum 2 Store
Turning To Shelf (38961),1,V0549,Senyum 2 Store
Turning To Shelf (38991),1,V0549,Senyum 2 Store
Turning To Shelf (39021),1,V0549,Senyum 2 Store
Viewing (32514),1,V0550,Senyum 2 Store
Viewing (32544),1,V0550,Senyum 2 Store
Viewing (32574),1,V0550,Senyum 2 Store
Viewing (32604),1,V0550,Senyum 2 Store
Viewing (32634),1,V0550,Senyum 2 Store
Viewing (32663),1,V0550,Senyum 2 Store
Viewing (32693),1,V0550,Senyum 2 Store
Viewing (32723),1,V0550,Senyum 2 Store
Viewing (32753),1,V0550,Senyum 2 Store
Viewing (32783),1,V0550,Senyum 2 Store
Viewing (32811),1,V0550,Senyum 2 Store
Viewing (32841),1,V0550,Senyum 2 Store
Viewing (32871),1,V0550,Senyum 2 Store
Viewing (32901),1,V0550,Senyum 2 Store
Viewing (32931),1,V0550,Senyum 2 Store
Viewing (32956),1,V0551,Senyum 2 Store
Viewing (32986),1,V0551,Senyum 2 Store
Viewing (33016),1,V0551,Senyum 2 Store
Viewing (33046),1,V0551,Senyum 2 Store
Viewing (33076),1,V0551,Senyum 2 Store
Viewing (33106),1,V0551,Senyum 2 Store
Viewing (33135),1,V0551,Senyum 2 Store
Viewing (33165),1,V0551,Senyum 2 Store
Viewing (33195),1,V0551,Senyum 2 Store
Viewing (33225),1,V0551,Senyum 2 Store
Viewing (33248),1,V0552,Senyum 2 Store
Viewing (33278),1,V0552,Senyum 2 Store
Viewing (33308),1,V0552,Senyum 2 Store
Viewing (33338),1,V0552,Senyum 2 Store
Viewing (33368),1,V0552,Senyum 2 Store
Viewing (33398),1,V0552,Senyum 2 Store
Viewing (33428),1,V0552,Senyum 2 Store
Viewing (33458),1,V0552,Senyum 2 Store
Viewing (33488),1,V0552,Senyum 2 Store
Viewing (33518),1,V0552,Senyum 2 Store
Viewing (33548),1,V0552,Senyum 2 Store
Viewing (33578),1,V0552,Senyum 2 Store
Viewing (33608),1,V0552,Senyum 2 Store
Viewing (33638),1,V0552,Senyum 2 Store
Viewing (33668),1,V0552,Senyum 2 Store
Viewing (33698),1,V0552,Senyum 2 Store
Viewing (33728),1,V0552,Senyum 2 Store
Viewing (33750),1,V0553,Senyum 2 Store
Viewing (33780),1,V0553,Senyum 2 Store
Viewing (33810),1,V0553,Senyum 2 Store
Viewing (33840),1,V0553,Senyum 2 Store
Viewing (33870),1,V0553,Senyum 2 Store
Viewing (33900),1,V0553,Senyum 2 Store
Viewing (33930),1,V0553,Senyum 2 Store
Viewing (33960),1,V0553,Senyum 2 Store
Viewing (33990),1,V0553,Senyum 2 Store
Viewing (34020),1,V0553,Senyum 2 Store
No Interest (30528),1,V0608,Senyum 3 Store
No Interest (30558),1,V0608,Senyum 3 Store
No Interest (30588),1,V0608,Senyum 3 Store
No Interest (30618),1,V0608,Senyum 3 Store
No Interest (30648),1,V0608,Senyum 3 Store
No Interest (30678),1,V0608,Senyum 3 Store
No Interest (30708),1,V0608,Senyum 3 Store
No Interest (30738),1,V0608,Senyum 3 Store
No Interest (30768),1,V0608,Senyum 3 Store
No Interest (30798),1,V0608,Senyum 3 Store
No Interest (30826),1,V0609,Senyum 3 Store
No Interest (30856),1,V0609,Senyum 3 Store
No Interest (30886),1,V0609,Senyum 3 Store
No Interest (30916),1,V0609,Senyum 3 Store
No Interest (30946),1,V0609,Senyum 3 Store
No Interest (30976),1,V0609,Senyum 3 Store
No Interest (31006),1,V0609,Senyum 3 Store
No Interest (31036),1,V0609,Senyum 3 Store
No Interest (31062),1,V0610,Senyum 3 Store
No Interest (31091),1,V0610,Senyum 3 Store
No Interest (31120),1,V0610,Senyum 3 Store
No Interest (31150),1,V0610,Senyum 3 Store
No Interest (31180),1,V0610,Senyum 3 Store
No Interest (31210),1,V0610,Senyum 3 Store
No Interest (31239),1,V0610,Senyum 3 Store
No Interest (31269),1,V0610,Senyum 3 Store
No Interest (31299),1,V0610,Senyum 3 Store
Picking and Putting (29179),1,V0611,Senyum 3 Store
Picking and Putting (29209),1,V0611,Senyum 3 Store
Picking and Putting (29239),1,V0611,Senyum 3 Store
Picking and Putting (29266),1,V0611,Senyum 3 Store
Picking and Putting (29296),1,V0611,Senyum 3 Store
Picking and Putting (29325),1,V0611,Senyum 3 Store
Picking and Putting (29355),1,V0611,Senyum 3 Store
Picking and Putting (29385),1,V0611,Senyum 3 Store
Picking and Putting (29415),1,V0611,Senyum 3 Store
Picking and Putting (29445),1,V0611,Senyum 3 Store
Picking and Putting (29475),1,V0611,Senyum 3 Store
Picking and Putting (29500),1,V0611,Senyum 3 Store
Picking and Putting (29527),1,V0611,Senyum 3 Store
Picking and Putting (21450),1,V0611,Senyum 3 Store
Picking and Putting (29582),1,V0611,Senyum 3 Store
Picking and Putting (29611),1,V0611,Senyum 3 Store
Picking and Putting (29639),1,V0611,Senyum 3 Store
Picking and Putting (29653),1,V0612,Senyum 3 Store
Picking and Putting (29683),1,V0612,Senyum 3 Store
Picking and Putting (29713),1,V0612,Senyum 3 Store
Picking and Putting (29743),1,V0612,Senyum 3 Store
Picking and Putting (29773),1,V0612,Senyum 3 Store
Picking and Putting (29803),1,V0612,Senyum 3 Store
Picking and Putting (29833),1,V0612,Senyum 3 Store
Picking and Putting (29863),1,V0612,Senyum 3 Store
Picking and Putting (29893),1,V0612,Senyum 3 Store
Picking and Putting (29923),1,V0612,Senyum 3 Store
Picking and Returning (42668),1,V0613,Senyum 3 Store
Picking and Returning (42698),1,V0613,Senyum 3 Store
Picking and Returning (42728),1,V0613,Senyum 3 Store
Picking and Returning (42758),1,V0613,Senyum 3 Store
Picking and Returning (42787),1,V0613,Senyum 3 Store
Picking and Returning (42817),1,V0613,Senyum 3 Store
Picking and Returning (42847),1,V0613,Senyum 3 Store
Picking and Returning (42877),1,V0613,Senyum 3 Store
Picking and Returning (42907),1,V0613,Senyum 3 Store
Picking and Returning (42937),1,V0613,Senyum 3 Store
Picking and Returning (42967),1,V0613,Senyum 3 Store
Picking and Returning (42997),1,V0613,Senyum 3 Store
Picking and Returning (43027),1,V0613,Senyum 3 Store
Picking and Returning (43057),1,V0613,Senyum 3 Store
Picking and Returning (43087),1,V0613,Senyum 3 Store
Picking and Returning (43117),1,V0613,Senyum 3 Store
Picking and Returning (43147),1,V0613,Senyum 3 Store
Picking and Returning (43177),1,V0613,Senyum 3 Store
Picking and Returning (43207),1,V0613,Senyum 3 Store
Picking and Returning (43237),1,V0613,Senyum 3 Store
Picking and Returning (43267),1,V0613,Senyum 3 Store
Picking and Returning (43297),1,V0613,Senyum 3 Store
Picking and Returning (43327),1,V0613,Senyum 3 Store
Picking and Returning (43357),1,V0613,Senyum 3 Store
Picking and Returning (43387),1,V0613,Senyum 3 Store
Picking and Returning (43417),1,V0613,Senyum 3 Store
Picking and Returning (43447),1,V0613,Senyum 3 Store
Picking and Returning (43459),1,V0614,Senyum 3 Store
Picking and Returning (43489),1,V0614,Senyum 3 Store
Picking and Returning (43519),1,V0614,Senyum 3 Store
Picking and Returning (43549),1,V0614,Senyum 3 Store
Picking and Returning (43579),1,V0614,Senyum 3 Store
Picking and Returning (43609),1,V0614,Senyum 3 Store
Picking and Returning (43639),1,V0614,Senyum 3 Store
Picking and Returning (43669),1,V0614,Senyum 3 Store
Picking and Returning (43699),1,V0614,Senyum 3 Store
Picking and Returning (43729),1,V0614,Senyum 3 Store
Picking and Returning (43759),1,V0614,Senyum 3 Store
Picking and Returning (43789),1,V0614,Senyum 3 Store
Picking and Returning (43819),1,V0614,Senyum 3 Store
Picking and Returning (43849),1,V0614,Senyum 3 Store
Picking and Returning (43879),1,V0614,Senyum 3 Store
Picking and Returning (43909),1,V0614,Senyum 3 Store
Picking and Returning (43939),1,V0614,Senyum 3 Store
Picking and Returning (43969),1,V0614,Senyum 3 Store
Picking and Returning (43999),1,V0614,Senyum 3 Store
Picking and Returning (44015),1,V0615,Senyum 3 Store
Picking and Returning (44045),1,V0615,Senyum 3 Store
Picking and Returning (44075),1,V0615,Senyum 3 Store
Picking and Returning (44105),1,V0615,Senyum 3 Store
Picking and Returning (44135),1,V0615,Senyum 3 Store
Picking and Returning (44164),1,V0615,Senyum 3 Store
Picking and Returning (44190),1,V0615,Senyum 3 Store
Picking and Returning (44220),1,V0615,Senyum 3 Store
Picking and Returning (44250),1,V0615,Senyum 3 Store
Picking and Returning (44279),1,V0615,Senyum 3 Store
Picking and Returning (44308),1,V0615,Senyum 3 Store
Picking and Returning (44337),1,V0615,Senyum 3 Store
Picking and Returning (44366),1,V0615,Senyum 3 Store
Picking and Returning (44396),1,V0615,Senyum 3 Store
Picking and Returning (44426),1,V0615,Senyum 3 Store
Picking and Returning (44456),1,V0615,Senyum 3 Store
Picking and Returning (44486),1,V0615,Senyum 3 Store
Picking and Returning (44515),1,V0615,Senyum 3 Store
Picking and Returning (44545),1,V0615,Senyum 3 Store
Picking and Returning (44557),1,V0616,Senyum 3 Store
Picking and Returning (44585),1,V0616,Senyum 3 Store
Picking and Returning (44615),1,V0616,Senyum 3 Store
Picking and Returning (44645),1,V0616,Senyum 3 Store
Picking and Returning (44675),1,V0616,Senyum 3 Store
Picking and Returning (44705),1,V0616,Senyum 3 Store
Picking and Returning (44735),1,V0616,Senyum 3 Store
Picking and Returning (44765),1,V0616,Senyum 3 Store
Picking and Returning (44795),1,V0616,Senyum 3 Store
Picking and Returning (44825),1,V0616,Senyum 3 Store
Picking and Returning (44855),1,V0616,Senyum 3 Store
Picking and Returning (44885),1,V0616,Senyum 3 Store
Picking and Returning (44915),1,V0616,Senyum 3 Store
Picking and Returning (44945),1,V0616,Senyum 3 Store
Picking and Returning (44975),1,V0616,Senyum 3 Store
Picking and Returning (45005),1,V0616,Senyum 3 Store
Picking and Returning (45033),1,V0616,Senyum 3 Store
Picking and Returning (45063),1,V0616,Senyum 3 Store
Picking and Returning (45092),1,V0616,Senyum 3 Store
Picking and Returning (45102),1,V0617,Senyum 3 Store
Picking and Returning (45132),1,V0617,Senyum 3 Store
Picking and Returning (45162),1,V0617,Senyum 3 Store
Picking and Returning (45192),1,V0617,Senyum 3 Store
Picking and Returning (45221),1,V0617,Senyum 3 Store
Picking and Returning (45251),1,V0617,Senyum 3 Store
Picking and Returning (45281),1,V0617,Senyum 3 Store
Picking and Returning (45311),1,V0617,Senyum 3 Store
Picking and Returning (45341),1,V0617,Senyum 3 Store
Picking and Returning (45371),1,V0617,Senyum 3 Store
Picking and Returning (28900),1,V0617,Senyum 3 Store
Picking and Returning (45427),1,V0617,Senyum 3 Store
Picking and Returning (45457),1,V0617,Senyum 3 Store
Picking and Returning (45487),1,V0617,Senyum 3 Store
Picking and Returning (45517),1,V0617,Senyum 3 Store
Picking and Returning (45537),1,V0618,Senyum 3 Store
Picking and Returning (45567),1,V0618,Senyum 3 Store
Picking and Returning (45597),1,V0618,Senyum 3 Store
Picking and Returning (45622),1,V0618,Senyum 3 Store
Picking and Returning (45652),1,V0618,Senyum 3 Store
Picking and Returning (45682),1,V0618,Senyum 3 Store
Picking and Returning (45712),1,V0618,Senyum 3 Store
Picking and Returning (45742),1,V0618,Senyum 3 Store
Picking and Returning (45772),1,V0618,Senyum 3 Store
Picking and Returning (45802),1,V0618,Senyum 3 Store
Picking and Returning (45832),1,V0618,Senyum 3 Store
Picking and Returning (45862),1,V0618,Senyum 3 Store
Picking and Returning (45892),1,V0618,Senyum 3 Store
Picking and Returning (45922),1,V0618,Senyum 3 Store
Picking and Returning (45950),1,V0618,Senyum 3 Store
Picking and Returning (45980),1,V0618,Senyum 3 Store
Picking and Returning (46010),1,V0618,Senyum 3 Store
Picking and Returning (46040),1,V0618,Senyum 3 Store
Picking and Returning (46041),1,V0619,Senyum 3 Store
Picking and Returning (46071),1,V0619,Senyum 3 Store
Picking and Returning (46101),1,V0619,Senyum 3 Store
Picking and Returning (46131),1,V0619,Senyum 3 Store
Picking and Returning (46161),1,V0619,Senyum 3 Store
Picking and Returning (46191),1,V0619,Senyum 3 Store
Picking and Returning (46221),1,V0619,Senyum 3 Store
Picking and Returning (46251),1,V0619,Senyum 3 Store
Picking and Returning (46281),1,V0619,Senyum 3 Store
Picking and Returning (46311),1,V0619,Senyum 3 Store
Picking and Returning (46341),1,V0619,Senyum 3 Store
Picking and Returning (46371),1,V0619,Senyum 3 Store
Picking and Returning (46401),1,V0619,Senyum 3 Store
Picking and Returning (46431),1,V0619,Senyum 3 Store
Picking and Returning (46461),1,V0619,Senyum 3 Store
Picking and Returning (46491),1,V0619,Senyum 3 Store
Picking and Returning (46521),1,V0619,Senyum 3 Store
Touching (42528),1,V0620,Senyum 3 Store
Touching (42556),1,V0620,Senyum 3 Store
Touching (42586),1,V0620,Senyum 3 Store
Touching (42616),1,V0620,Senyum 3 Store
Touching (42644),1,V0620,Senyum 3 Store
Touching (42674),1,V0620,Senyum 3 Store
Touching (42704),1,V0620,Senyum 3 Store
Touching (42733),1,V0620,Senyum 3 Store
Touching (42763),1,V0620,Senyum 3 Store
Touching (42793),1,V0620,Senyum 3 Store
Touching (29474),1,V0620,Senyum 3 Store
Touching (42848),1,V0620,Senyum 3 Store
Touching (42878),1,V0620,Senyum 3 Store
Touching (42908),1,V0620,Senyum 3 Store
Touching (42925),1,V0620,Senyum 3 Store
Touching (42955),1,V0620,Senyum 3 Store
Touching (42984),1,V0620,Senyum 3 Store
Touching (43008),1,V0620,Senyum 3 Store
Touching (43038),1,V0620,Senyum 3 Store
Touching (43068),1,V0620,Senyum 3 Store
Touching (43098),1,V0620,Senyum 3 Store
Touching (43128),1,V0620,Senyum 3 Store
Touching (43158),1,V0620,Senyum 3 Store
Touching (43172),1,V0621,Senyum 3 Store
Touching (43202),1,V0621,Senyum 3 Store
Touching (43232),1,V0621,Senyum 3 Store
Touching (43262),1,V0621,Senyum 3 Store
Touching (43292),1,V0621,Senyum 3 Store
Touching (43322),1,V0621,Senyum 3 Store
Touching (43352),1,V0621,Senyum 3 Store
Touching (43382),1,V0621,Senyum 3 Store
Touching (43412),1,V0621,Senyum 3 Store
Touching (43442),1,V0621,Senyum 3 Store
Touching (43472),1,V0621,Senyum 3 Store
Touching (43502),1,V0621,Senyum 3 Store
Touching (43532),1,V0621,Senyum 3 Store
Touching (43562),1,V0621,Senyum 3 Store
Touching (43592),1,V0621,Senyum 3 Store
Touching (43598),1,V0622,Senyum 3 Store
Touching (43628),1,V0622,Senyum 3 Store
Touching (43658),1,V0622,Senyum 3 Store
Touching (43688),1,V0622,Senyum 3 Store
Touching (43718),1,V0622,Senyum 3 Store
Touching (43748),1,V0622,Senyum 3 Store
Touching (43778),1,V0622,Senyum 3 Store
Touching (43808),1,V0622,Senyum 3 Store
Touching (43838),1,V0622,Senyum 3 Store
Touching (43868),1,V0622,Senyum 3 Store
Touching (43898),1,V0622,Senyum 3 Store
Touching (43928),1,V0622,Senyum 3 Store
Touching (43958),1,V0622,Senyum 3 Store
Touching (43988),1,V0622,Senyum 3 Store
Touching (44018),1,V0622,Senyum 3 Store
Touching (44024),1,V0623,Senyum 3 Store
Touching (44053),1,V0623,Senyum 3 Store
Touching (44083),1,V0623,Senyum 3 Store
Touching (44113),1,V0623,Senyum 3 Store
Touching (44143),1,V0623,Senyum 3 Store
Touching (44173),1,V0623,Senyum 3 Store
Touching (44203),1,V0623,Senyum 3 Store
Touching (44233),1,V0623,Senyum 3 Store
Touching (44263),1,V0623,Senyum 3 Store
Touching (44292),1,V0623,Senyum 3 Store
Touching (44322),1,V0623,Senyum 3 Store
Touching (44352),1,V0623,Senyum 3 Store
Touching (44380),1,V0623,Senyum 3 Store
Touching (44410),1,V0623,Senyum 3 Store
Touching (44440),1,V0623,Senyum 3 Store
Touching (44470),1,V0623,Senyum 3 Store
Touching (44500),1,V0623,Senyum 3 Store
Touching (44530),1,V0623,Senyum 3 Store
Touching (44531),1,V0624,Senyum 3 Store
Touching (44561),1,V0624,Senyum 3 Store
Touching (44591),1,V0624,Senyum 3 Store
Touching (44621),1,V0624,Senyum 3 Store
Touching (44651),1,V0624,Senyum 3 Store
Touching (44681),1,V0624,Senyum 3 Store
Touching (44711),1,V0624,Senyum 3 Store
Touching (44741),1,V0624,Senyum 3 Store
Touching (44771),1,V0624,Senyum 3 Store
Touching (44801),1,V0624,Senyum 3 Store
Touching (44831),1,V0624,Senyum 3 Store
Touching (44861),1,V0624,Senyum 3 Store
Touching (44891),1,V0624,Senyum 3 Store
Touching (44921),1,V0624,Senyum 3 Store
Touching (44951),1,V0624,Senyum 3 Store
Touching (44981),1,V0625,Senyum 3 Store
Touching (45011),1,V0625,Senyum 3 Store
Touching (45041),1,V0625,Senyum 3 Store
Touching (45071),1,V0625,Senyum 3 Store
Touching (45101),1,V0625,Senyum 3 Store
Touching (45131),1,V0625,Senyum 3 Store
Touching (45161),1,V0625,Senyum 3 Store
Touching (45191),1,V0625,Senyum 3 Store
Touching (45221),1,V0625,Senyum 3 Store
Touching (45251),1,V0625,Senyum 3 Store
Touching (45281),1,V0625,Senyum 3 Store
Touching (45311),1,V0625,Senyum 3 Store
Touching (45341),1,V0625,Senyum 3 Store
Touching (45371),1,V0625,Senyum 3 Store
Touching (45401),1,V0625,Senyum 3 Store
Touching (45431),1,V0625,Senyum 3 Store
Touching (45461),1,V0625,Senyum 3 Store
Turning To Shelf (42529),1,V0626,Senyum 3 Store
Turning To Shelf (42559),1,V0626,Senyum 3 Store
Turning To Shelf (42589),1,V0626,Senyum 3 Store
Turning To Shelf (42619),1,V0626,Senyum 3 Store
Turning To Shelf (42649),1,V0626,Senyum 3 Store
Turning To Shelf (42679),1,V0626,Senyum 3 Store
Turning To Shelf (42697),1,V0627,Senyum 3 Store
Turning To Shelf (42727),1,V0627,Senyum 3 Store
Turning To Shelf (42757),1,V0627,Senyum 3 Store
Turning To Shelf (42787),1,V0627,Senyum 3 Store
Turning To Shelf (42817),1,V0627,Senyum 3 Store
Turning To Shelf (42847),1,V0627,Senyum 3 Store
Turning To Shelf (42877),1,V0627,Senyum 3 Store
Turning To Shelf (42907),1,V0627,Senyum 3 Store
Turning To Shelf (42937),1,V0627,Senyum 3 Store
Turning To Shelf (42967),1,V0627,Senyum 3 Store
Turning To Shelf (42997),1,V0627,Senyum 3 Store
Turning To Shelf (43027),1,V0627,Senyum 3 Store
Turning To Shelf (43057),1,V0627,Senyum 3 Store
Turning To Shelf (43061),1,V0628,Senyum 3 Store
Turning To Shelf (43091),1,V0628,Senyum 3 Store
Turning To Shelf (43121),1,V0628,Senyum 3 Store
Turning To Shelf (43151),1,V0628,Senyum 3 Store
Turning To Shelf (43181),1,V0628,Senyum 3 Store
Turning To Shelf (43211),1,V0628,Senyum 3 Store
Turning To Shelf (43241),1,V0628,Senyum 3 Store
Turning To Shelf (43271),1,V0628,Senyum 3 Store
Turning To Shelf (43301),1,V0628,Senyum 3 Store
Turning To Shelf (43331),1,V0628,Senyum 3 Store
Turning To Shelf (43361),1,V0628,Senyum 3 Store
Turning To Shelf (43391),1,V0628,Senyum 3 Store
Turning To Shelf (43395),1,V0629,Senyum 3 Store
Turning To Shelf (43425),1,V0629,Senyum 3 Store
Turning To Shelf (43455),1,V0629,Senyum 3 Store
Turning To Shelf (43485),1,V0629,Senyum 3 Store
Turning To Shelf (43515),1,V0629,Senyum 3 Store
Turning To Shelf (43545),1,V0629,Senyum 3 Store
Turning To Shelf (43567),1,V0630,Senyum 3 Store
Turning To Shelf (43597),1,V0630,Senyum 3 Store
Turning To Shelf (43627),1,V0630,Senyum 3 Store
Turning To Shelf (43657),1,V0630,Senyum 3 Store
Turning To Shelf (43687),1,V0630,Senyum 3 Store
Turning To Shelf (43717),1,V0630,Senyum 3 Store
Turning To Shelf (43747),1,V0630,Senyum 3 Store
Turning To Shelf (43777),1,V0630,Senyum 3 Store
Turning To Shelf (43807),1,V0630,Senyum 3 Store
Turning To Shelf (43837),1,V0630,Senyum 3 Store
Turning To Shelf (43850),1,V0631,Senyum 3 Store
Turning To Shelf (43880),1,V0631,Senyum 3 Store
Turning To Shelf (43910),1,V0631,Senyum 3 Store
Turning To Shelf (43940),1,V0631,Senyum 3 Store
Turning To Shelf (43970),1,V0631,Senyum 3 Store
Turning To Shelf (44000),1,V0631,Senyum 3 Store
Turning To Shelf (44027),1,V0631,Senyum 3 Store
Turning To Shelf (44051),1,V0631,Senyum 3 Store
Turning To Shelf (44081),1,V0631,Senyum 3 Store
Turning To Shelf (44111),1,V0631,Senyum 3 Store
Turning To Shelf (44141),1,V0631,Senyum 3 Store
Viewing (36870),1,V0632,Senyum 3 Store
Viewing (36900),1,V0632,Senyum 3 Store
Viewing (36930),1,V0632,Senyum 3 Store
Viewing (36960),1,V0632,Senyum 3 Store
Viewing (36990),1,V0632,Senyum 3 Store
Viewing (37020),1,V0632,Senyum 3 Store
Viewing (37050),1,V0632,Senyum 3 Store
Viewing (37080),1,V0632,Senyum 3 Store
Viewing (37110),1,V0632,Senyum 3 Store
Viewing (37140),1,V0632,Senyum 3 Store
Viewing (37170),1,V0632,Senyum 3 Store
Viewing (37198),1,V0632,Senyum 3 Store
Viewing (37228),1,V0632,Senyum 3 Store
Viewing (37241),1,V0633,Senyum 3 Store
Viewing (37271),1,V0633,Senyum 3 Store
Viewing (37301),1,V0633,Senyum 3 Store
Viewing (37331),1,V0633,Senyum 3 Store
Viewing (37361),1,V0633,Senyum 3 Store
Viewing (37391),1,V0633,Senyum 3 Store
Viewing (37421),1,V0633,Senyum 3 Store
Viewing (37451),1,V0633,Senyum 3 Store
Viewing (37481),1,V0633,Senyum 3 Store
Viewing (37511),1,V0633,Senyum 3 Store
Viewing (37541),1,V0633,Senyum 3 Store
Viewing (37571),1,V0633,Senyum 3 Store
Viewing (37599),1,V0633,Senyum 3 Store
Viewing (37629),1,V0633,Senyum 3 Store
Viewing (37659),1,V0633,Senyum 3 Store
Viewing (37681),1,V0634,Senyum 3 Store
Viewing (28352),1,V0634,Senyum 3 Store
Viewing (37740),1,V0634,Senyum 3 Store
Viewing (37770),1,V0634,Senyum 3 Store
Viewing (37800),1,V0634,Senyum 3 Store
Viewing (37830),1,V0634,Senyum 3 Store
Viewing (37860),1,V0634,Senyum 3 Store
Viewing (37890),1,V0634,Senyum 3 Store
Viewing (37920),1,V0634,Senyum 3 Store
Viewing (37950),1,V0634,Senyum 3 Store
Viewing (37979),1,V0634,Senyum 3 Store
Viewing (38009),1,V0634,Senyum 3 Store
Viewing (38039),1,V0634,Senyum 3 Store
Viewing (38069),1,V0634,Senyum 3 Store
Viewing (38099),1,V0634,Senyum 3 Store
Viewing (38129),1,V0634,Senyum 3 Store
Picking and Returning (50018),1,V0676,Senyum Store
Picking and Returning (50048),1,V0676,Senyum Store
Picking and Returning (50078),1,V0676,Senyum Store
Picking and Returning (50108),1,V0676,Senyum Store
Picking and Returning (50138),1,V0676,Senyum Store
Picking and Returning (50168),1,V0676,Senyum Store
Picking and Returning (50198),1,V0676,Senyum Store
Picking and Returning (50228),1,V0676,Senyum Store
Picking and Returning (50258),1,V0676,Senyum Store
Picking and Returning (50288),1,V0676,Senyum Store
Picking and Returning (50318),1,V0676,Senyum Store
Picking and Returning (50348),1,V0676,Senyum Store
Picking and Returning (50378),1,V0676,Senyum Store
Picking and Returning (50408),1,V0676,Senyum Store
Picking and Returning (50438),1,V0676,Senyum Store
Picking and Returning (50468),1,V0676,Senyum Store
Picking and Returning (50498),1,V0676,Senyum Store
Picking and Returning (50528),1,V0676,Senyum Store
Picking and Returning (50558),1,V0676,Senyum Store
Picking and Returning (50588),1,V0676,Senyum Store
Picking and Returning (50618),1,V0676,Senyum Store
Picking and Returning (50648),1,V0676,Senyum Store
Picking and Returning (50678),1,V0676,Senyum Store
Picking and Returning (48722),1,V0677,Senyum Store
Picking and Returning (48752),1,V0677,Senyum Store
Picking and Returning (48782),1,V0677,Senyum Store
Picking and Returning (48812),1,V0677,Senyum Store
Picking and Returning (48842),1,V0677,Senyum Store
Picking and Returning (48872),1,V0677,Senyum Store
Picking and Returning (48902),1,V0677,Senyum Store
Picking and Returning (48932),1,V0677,Senyum Store
Picking and Returning (48962),1,V0677,Senyum Store
Picking and Returning (48992),1,V0677,Senyum Store
Picking and Returning (49022),1,V0677,Senyum Store
Picking and Returning (49052),1,V0677,Senyum Store
Picking and Returning (49082),1,V0677,Senyum Store
Picking and Returning (49112),1,V0677,Senyum Store
Picking and Returning (49142),1,V0677,Senyum Store
Picking and Returning (49167),1,V0678,Senyum Store
Picking and Returning (49197),1,V0678,Senyum Store
Picking and Returning (49227),1,V0678,Senyum Store
Picking and Returning (49257),1,V0678,Senyum Store
Picking and Returning (49287),1,V0678,Senyum Store
Picking and Returning (49317),1,V0678,Senyum Store
Picking and Returning (49347),1,V0678,Senyum Store
Picking and Returning (49377),1,V0678,Senyum Store
Picking and Returning (49407),1,V0678,Senyum Store
Picking and Returning (49437),1,V0678,Senyum Store
Picking and Returning (49467),1,V0678,Senyum Store
Picking and Returning (49497),1,V0678,Senyum Store
Picking and Returning (49527),1,V0678,Senyum Store
Picking and Returning (49557),1,V0678,Senyum Store
Picking and Returning (49587),1,V0678,Senyum Store
Picking and Returning (49595),1,V0679,Senyum Store
Picking and Returning (49625),1,V0679,Senyum Store
Picking and Returning (49654),1,V0679,Senyum Store
Picking and Returning (49684),1,V0679,Senyum Store
Picking and Returning (49714),1,V0679,Senyum Store
Picking and Returning (49744),1,V0679,Senyum Store
Picking and Returning (49774),1,V0679,Senyum Store
Picking and Returning (49804),1,V0679,Senyum Store
Picking and Returning (49834),1,V0679,Senyum Store
Picking and Returning (49864),1,V0679,Senyum Store
Picking and Returning (49894),1,V0679,Senyum Store
Picking and Returning (49924),1,V0679,Senyum Store
Picking and Returning (49954),1,V0679,Senyum Store
Picking and Returning (49984),1,V0679,Senyum Store
Picking and Returning (50014),1,V0679,Senyum Store
Picking and Returning (50707),1,V0680,Senyum Store
Picking and Returning (50737),1,V0680,Senyum Store
Picking and Returning (50767),1,V0680,Senyum Store
Picking and Returning (50795),1,V0680,Senyum Store
Picking and Returning (50825),1,V0680,Senyum Store
Picking and Returning (50855),1,V0680,Senyum Store
Picking and Returning (50885),1,V0680,Senyum Store
Picking and Returning (50915),1,V0680,Senyum Store
Picking and Returning (50945),1,V0680,Senyum Store
Picking and Returning (50975),1,V0680,Senyum Store
Picking and Returning (51005),1,V0680,Senyum Store
Picking and Returning (51035),1,V0680,Senyum Store
Picking and Returning (51065),1,V0680,Senyum Store
Picking and Returning (51095),1,V0680,Senyum Store
Picking and Returning (51125),1,V0680,Senyum Store
Picking and Returning (51557),1,V0682,Senyum Store
Picking and Returning (51587),1,V0682,Senyum Store
Picking and Returning (51617),1,V0682,Senyum Store
Picking and Returning (51647),1,V0682,Senyum Store
Picking and Returning (51677),1,V0682,Senyum Store
Picking and Returning (51707),1,V0682,Senyum Store
Picking and Returning (51737),1,V0682,Senyum Store
Picking and Returning (51767),1,V0682,Senyum Store
Picking and Returning (51797),1,V0682,Senyum Store
Picking and Returning (51827),1,V0682,Senyum Store
Picking and Returning (51857),1,V0682,Senyum Store
Picking and Returning (51887),1,V0682,Senyum Store
Picking and Returning (51917),1,V0682,Senyum Store
Picking and Returning (51947),1,V0682,Senyum Store
Picking and Returning (51977),1,V0682,Senyum Store
Picking and Returning (52007),1,V0682,Senyum Store
Picking and Returning (52037),1,V0682,Senyum Store
Picking and Returning (52047),1,V0683,Senyum Store
Picking and Returning (52077),1,V0683,Senyum Store
Picking and Returning (52107),1,V0683,Senyum Store
Picking and Returning (52137),1,V0683,Senyum Store
Picking and Returning (52167),1,V0683,Senyum Store
Picking and Returning (52197),1,V0683,Senyum Store
Picking and Returning (52227),1,V0683,Senyum Store
Picking and Returning (52257),1,V0683,Senyum Store
Picking and Returning (52287),1,V0683,Senyum Store
Picking and Returning (52317),1,V0683,Senyum Store
Picking and Returning (52347),1,V0683,Senyum Store
Picking and Returning (52377),1,V0683,Senyum Store
Picking and Returning (52407),1,V0683,Senyum Store
Picking and Returning (52437),1,V0683,Senyum Store
Picking and Returning (52467),1,V0683,Senyum Store
Picking and Returning (52497),1,V0683,Senyum Store
Picking and Returning (52512),1,V0684,Senyum Store
Picking and Returning (52542),1,V0684,Senyum Store
Picking and Returning (52572),1,V0684,Senyum Store
Picking and Returning (52602),1,V0684,Senyum Store
Picking and Returning (52632),1,V0684,Senyum Store
Picking and Returning (52662),1,V0684,Senyum Store
Picking and Returning (52692),1,V0684,Senyum Store
Picking and Returning (52722),1,V0684,Senyum Store
Picking and Returning (52752),1,V0684,Senyum Store
Picking and Returning (52782),1,V0684,Senyum Store
Picking and Returning (52812),1,V0684,Senyum Store
Picking and Returning (52842),1,V0684,Senyum Store
Picking and Returning (52872),1,V0684,Senyum Store
Picking and Returning (52902),1,V0684,Senyum Store
Picking and Returning (52915),1,V0685,Senyum Store
Picking and Returning (52945),1,V0685,Senyum Store
Picking and Returning (52975),1,V0685,Senyum Store
Picking and Returning (53005),1,V0685,Senyum Store
Picking and Returning (53035),1,V0685,Senyum Store
Picking and Returning (53065),1,V0685,Senyum Store
Picking and Returning (53095),1,V0685,Senyum Store
Picking and Returning (53125),1,V0685,Senyum Store
Picking and Returning (53155),1,V0685,Senyum Store
Picking and Returning (53185),1,V0685,Senyum Store
Picking and Returning (53215),1,V0685,Senyum Store
Picking and Returning (53245),1,V0685,Senyum Store
Picking and Returning (53275),1,V0685,Senyum Store
Picking and Returning (53305),1,V0685,Senyum Store
Picking and Returning (53335),1,V0686,Senyum Store
Picking and Returning (53359),1,V0686,Senyum Store
Picking and Returning (53384),1,V0686,Senyum Store
Picking and Returning (53414),1,V0686,Senyum Store
Picking and Returning (53444),1,V0686,Senyum Store
Picking and Returning (53474),1,V0686,Senyum Store
Picking and Returning (53504),1,V0686,Senyum Store
Picking and Returning (53534),1,V0686,Senyum Store
Picking and Returning (53564),1,V0686,Senyum Store
Picking and Returning (53594),1,V0686,Senyum Store
Picking and Returning (53624),1,V0686,Senyum Store
Picking and Returning (53654),1,V0686,Senyum Store
Picking and Returning (53684),1,V0686,Senyum Store
Picking and Returning (53714),1,V0686,Senyum Store
Picking and Returning (28985),1,V0686,Senyum Store
Picking and Returning (53737),1,V0686,Senyum Store
Picking and Returning (53744),1,V0687,Senyum Store
Picking and Returning (53774),1,V0687,Senyum Store
Picking and Returning (53804),1,V0687,Senyum Store
Picking and Returning (53834),1,V0687,Senyum Store
Picking and Returning (53864),1,V0687,Senyum Store
Picking and Returning (53894),1,V0687,Senyum Store
Picking and Returning (53924),1,V0687,Senyum Store
Picking and Returning (53954),1,V0687,Senyum Store
Picking and Returning (53984),1,V0687,Senyum Store
Picking and Returning (54014),1,V0687,Senyum Store
Picking and Returning (54044),1,V0687,Senyum Store
Picking and Returning (54074),1,V0687,Senyum Store
Picking and Returning (54104),1,V0687,Senyum Store
Picking and Returning (54134),1,V0687,Senyum Store
Touching (46907),1,V0688,Senyum Store
Touching (46936),1,V0688,Senyum Store
Touching (46966),1,V0688,Senyum Store
Touching (46996),1,V0688,Senyum Store
Touching (47026),1,V0688,Senyum Store
Touching (47056),1,V0688,Senyum Store
Touching (47086),1,V0688,Senyum Store
Touching (47116),1,V0688,Senyum Store
Touching (47146),1,V0688,Senyum Store
Touching (47176),1,V0688,Senyum Store
Touching (47206),1,V0688,Senyum Store
Touching (47221),1,V0689,Senyum Store
Touching (47250),1,V0689,Senyum Store
Touching (47280),1,V0689,Senyum Store
Touching (47310),1,V0689,Senyum Store
Touching (47340),1,V0689,Senyum Store
Touching (47369),1,V0689,Senyum Store
Touching (47398),1,V0689,Senyum Store
Touching (47428),1,V0689,Senyum Store
Touching (47458),1,V0689,Senyum Store
Touching (47488),1,V0689,Senyum Store
Touching (47518),1,V0689,Senyum Store
Touching (47548),1,V0689,Senyum Store
Touching (47578),1,V0689,Senyum Store
Touching (47608),1,V0689,Senyum Store
Touching (47638),1,V0689,Senyum Store
Touching (47668),1,V0689,Senyum Store
Touching (47698),1,V0689,Senyum Store
Touching (47699),1,V0690,Senyum Store
Touching (47729),1,V0690,Senyum Store
Touching (47759),1,V0690,Senyum Store
Touching (47789),1,V0690,Senyum Store
Touching (47819),1,V0690,Senyum Store
Touching (47849),1,V0690,Senyum Store
Touching (47879),1,V0690,Senyum Store
Touching (47909),1,V0690,Senyum Store
Touching (47939),1,V0690,Senyum Store
Touching (47969),1,V0690,Senyum Store
Touching (47999),1,V0690,Senyum Store
Touching (48029),1,V0690,Senyum Store
Touching (48059),1,V0690,Senyum Store
Touching (48089),1,V0690,Senyum Store
Touching (48119),1,V0690,Senyum Store
Touching (48149),1,V0690,Senyum Store
Touching (48178),1,V0691,Senyum Store
Touching (48208),1,V0691,Senyum Store
Touching (48238),1,V0691,Senyum Store
Touching (48268),1,V0691,Senyum Store
Touching (48298),1,V0691,Senyum Store
Touching (48328),1,V0691,Senyum Store
Touching (48358),1,V0691,Senyum Store
Touching (48388),1,V0691,Senyum Store
Touching (48418),1,V0691,Senyum Store
Touching (48448),1,V0691,Senyum Store
Touching (48478),1,V0691,Senyum Store
Touching (48508),1,V0691,Senyum Store
Touching (48538),1,V0691,Senyum Store
Touching (48568),1,V0691,Senyum Store
Touching (48598),1,V0691,Senyum Store
Touching (48628),1,V0691,Senyum Store
Touching (48658),1,V0691,Senyum Store
Touching (48688),1,V0691,Senyum Store
Touching (48718),1,V0691,Senyum Store
Touching (48748),1,V0691,Senyum Store
Touching (48778),1,V0691,Senyum Store
Touching (48808),1,V0691,Senyum Store
Touching (48838),1,V0691,Senyum Store
Touching (48863),1,V0692,Senyum Store
Touching (48893),1,V0692,Senyum Store
Touching (48923),1,V0692,Senyum Store
Touching (48952),1,V0692,Senyum Store
Touching (48982),1,V0692,Senyum Store
Touching (49012),1,V0692,Senyum Store
Touching (49042),1,V0692,Senyum Store
Touching (49072),1,V0692,Senyum Store
Touching (49102),1,V0692,Senyum Store
Touching (49132),1,V0692,Senyum Store
Touching (49162),1,V0692,Senyum Store
Touching (49192),1,V0692,Senyum Store
Touching (49220),1,V0693,Senyum Store
Touching (49250),1,V0693,Senyum Store
Touching (49280),1,V0693,Senyum Store
Touching (49310),1,V0693,Senyum Store
Touching (49340),1,V0693,Senyum Store
Touching (49370),1,V0693,Senyum Store
Touching (49400),1,V0693,Senyum Store
Touching (49430),1,V0693,Senyum Store
Touching (49460),1,V0693,Senyum Store
Touching (49490),1,V0693,Senyum Store
Touching (49520),1,V0693,Senyum Store
Touching (49550),1,V0693,Senyum Store
Touching (49577),1,V0693,Senyum Store
Touching (49607),1,V0693,Senyum Store
Viewing (41990),1,V0694,Senyum Store
Viewing (42020),1,V0694,Senyum Store
Viewing (42050),1,V0694,Senyum Store
Viewing (42080),1,V0694,Senyum Store
Viewing (42110),1,V0694,Senyum Store
Viewing (42140),1,V0694,Senyum Store
Viewing (42170),1,V0694,Senyum Store
Viewing (42176),1,V0695,Senyum Store
Viewing (42206),1,V0695,Senyum Store
Viewing (42236),1,V0695,Senyum Store
Viewing (42266),1,V0695,Senyum Store
Viewing (42296),1,V0695,Senyum Store
Viewing (42326),1,V0695,Senyum Store
Viewing (42356),1,V0695,Senyum Store
Viewing (42386),1,V0695,Senyum Store
Viewing (42416),1,V0695,Senyum Store
Picking and Putting (3406),4,V0079,Budi Jaya Store
Picking and Putting (3436),4,V0079,Budi Jaya Store
Picking and Putting (3466),4,V0079,Budi Jaya Store
Picking and Putting (3496),4,V0079,Budi Jaya Store
Picking and Putting (3526),4,V0079,Budi Jaya Store
Picking and Putting (3556),4,V0079,Budi Jaya Store
Picking and Putting (3586),4,V0079,Budi Jaya Store
Picking and Putting (3616),4,V0079,Budi Jaya Store
Picking and Putting (3639),4,V0080,Budi Jaya Store
Picking and Putting (3668),4,V0080,Budi Jaya Store
Picking and Putting (3698),4,V0080,Budi Jaya Store
Picking and Putting (3728),4,V0080,Budi Jaya Store
Picking and Putting (3758),4,V0080,Budi Jaya Store
Picking and Putting (3788),4,V0080,Budi Jaya Store
Picking and Putting (3818),4,V0080,Budi Jaya Store
Picking and Putting (3848),4,V0080,Budi Jaya Store
Picking and Putting (20558),4,V0081,Budi Jaya Store
Picking and Putting (3889),4,V0081,Budi Jaya Store
Picking and Putting (3919),4,V0081,Budi Jaya Store
Picking and Putting (3949),4,V0081,Budi Jaya Store
Picking and Putting (3979),4,V0081,Budi Jaya Store
Picking and Putting (4009),4,V0081,Budi Jaya Store
Picking and Putting (4034),4,V0082,Budi Jaya Store
Picking and Putting (4064),4,V0082,Budi Jaya Store
Picking and Putting (4094),4,V0082,Budi Jaya Store
Picking and Putting (4124),4,V0082,Budi Jaya Store
Picking and Putting (4154),4,V0082,Budi Jaya Store
Picking and Putting (4184),4,V0082,Budi Jaya Store
Picking and Putting (4214),4,V0082,Budi Jaya Store
Picking and Putting (4244),4,V0082,Budi Jaya Store
Picking and Putting (4274),4,V0082,Budi Jaya Store
Picking and Putting (4290),4,V0083,Budi Jaya Store
Picking and Putting (4320),4,V0083,Budi Jaya Store
Picking and Putting (4350),4,V0083,Budi Jaya Store
Picking and Putting (4380),4,V0083,Budi Jaya Store
Picking and Putting (4410),4,V0083,Budi Jaya Store
Picking and Putting (4440),4,V0083,Budi Jaya Store
Picking and Returning (5760),4,V0084,Budi Jaya Store
Picking and Returning (5790),4,V0084,Budi Jaya Store
Picking and Returning (5820),4,V0084,Budi Jaya Store
Picking and Returning (5850),4,V0084,Budi Jaya Store
Picking and Returning (5880),4,V0084,Budi Jaya Store
Picking and Returning (5910),4,V0085,Budi Jaya Store
Picking and Returning (5940),4,V0085,Budi Jaya Store
Picking and Returning (5970),4,V0085,Budi Jaya Store
Picking and Returning (6000),4,V0085,Budi Jaya Store
Picking and Returning (6030),4,V0085,Budi Jaya Store
Picking and Returning (6060),4,V0085,Budi Jaya Store
Picking and Returning (6085),4,V0085,Budi Jaya Store
Picking and Returning (6115),4,V0085,Budi Jaya Store
Picking and Returning (6145),4,V0085,Budi Jaya Store
Picking and Returning (6166),4,V0086,Budi Jaya Store
Picking and Returning (6196),4,V0086,Budi Jaya Store
Picking and Returning (6226),4,V0086,Budi Jaya Store
Picking and Returning (6256),4,V0086,Budi Jaya Store
Picking and Returning (6286),4,V0086,Budi Jaya Store
Picking and Returning (6316),4,V0086,Budi Jaya Store
Picking and Returning (6346),4,V0086,Budi Jaya Store
Picking and Returning (6376),4,V0086,Budi Jaya Store
Picking and Returning (6406),4,V0086,Budi Jaya Store
Picking and Returning (6436),4,V0086,Budi Jaya Store
Picking and Returning (6466),4,V0086,Budi Jaya Store
Picking and Returning (6496),4,V0086,Budi Jaya Store
Picking and Returning (6526),4,V0086,Budi Jaya Store
Picking and Returning (6543),4,V0087,Budi Jaya Store
Picking and Returning (6573),4,V0087,Budi Jaya Store
Picking and Returning (6603),4,V0087,Budi Jaya Store
Picking and Returning (6633),4,V0087,Budi Jaya Store
Picking and Returning (6663),4,V0087,Budi Jaya Store
Picking and Returning (6693),4,V0087,Budi Jaya Store
Picking and Returning (6723),4,V0087,Budi Jaya Store
Picking and Returning (6753),4,V0087,Budi Jaya Store
Picking and Returning (6783),4,V0087,Budi Jaya Store
Picking and Returning (6813),4,V0087,Budi Jaya Store
Picking and Returning (6821),4,V0088,Budi Jaya Store
Picking and Returning (6851),4,V0088,Budi Jaya Store
Picking and Returning (6881),4,V0088,Budi Jaya Store
Picking and Returning (6911),4,V0088,Budi Jaya Store
Picking and Returning (6941),4,V0088,Budi Jaya Store
Picking and Returning (6971),4,V0088,Budi Jaya Store
Picking and Returning (7001),4,V0088,Budi Jaya Store
Picking and Returning (7023),4,V0089,Budi Jaya Store
Picking and Returning (7053),4,V0089,Budi Jaya Store
Picking and Returning (7083),4,V0089,Budi Jaya Store
Picking and Returning (7113),4,V0089,Budi Jaya Store
Picking and Returning (7143),4,V0089,Budi Jaya Store
Picking and Returning (7173),4,V0089,Budi Jaya Store
Picking and Returning (7202),4,V0089,Budi Jaya Store
Picking and Returning (7232),4,V0089,Budi Jaya Store
Picking and Returning (7262),4,V0089,Budi Jaya Store
Picking and Returning (7274),4,V0090,Budi Jaya Store
Picking and Returning (7304),4,V0090,Budi Jaya Store
Picking and Returning (7334),4,V0090,Budi Jaya Store
Picking and Returning (7364),4,V0090,Budi Jaya Store
Picking and Returning (7394),4,V0090,Budi Jaya Store
Picking and Returning (7424),4,V0090,Budi Jaya Store
Picking and Returning (7454),4,V0090,Budi Jaya Store
Picking and Returning (7484),4,V0090,Budi Jaya Store
Picking and Returning (7514),4,V0090,Budi Jaya Store
Picking and Returning (7544),4,V0090,Budi Jaya Store
Picking and Returning (7574),4,V0090,Budi Jaya Store
Turning To Shelf (5460),4,V0091,Budi Jaya Store
Turning To Shelf (5488),4,V0091,Budi Jaya Store
Turning To Shelf (5518),4,V0091,Budi Jaya Store
Turning To Shelf (5548),4,V0091,Budi Jaya Store
Turning To Shelf (29462),4,V0091,Budi Jaya Store
Turning To Shelf (5589),4,V0092,Budi Jaya Store
Turning To Shelf (5613),4,V0092,Budi Jaya Store
Turning To Shelf (5642),4,V0092,Budi Jaya Store
Turning To Shelf (5672),4,V0092,Budi Jaya Store
Turning To Shelf (5702),4,V0092,Budi Jaya Store
Turning To Shelf (5732),4,V0092,Budi Jaya Store
Turning To Shelf (5762),4,V0092,Budi Jaya Store
Turning To Shelf (5791),4,V0092,Budi Jaya Store
Turning To Shelf (5821),4,V0092,Budi Jaya Store
Turning To Shelf (5823),4,V0093,Budi Jaya Store
Turning To Shelf (5853),4,V0093,Budi Jaya Store
Turning To Shelf (5883),4,V0093,Budi Jaya Store
Turning To Shelf (5913),4,V0093,Budi Jaya Store
Turning To Shelf (5943),4,V0093,Budi Jaya Store
Turning To Shelf (5973),4,V0093,Budi Jaya Store
Turning To Shelf (6003),4,V0093,Budi Jaya Store
Turning To Shelf (6033),4,V0093,Budi Jaya Store
Turning To Shelf (6063),4,V0093,Budi Jaya Store
Turning To Shelf (6083),4,V0094,Budi Jaya Store
Turning To Shelf (6111),4,V0094,Budi Jaya Store
Turning To Shelf (29483),4,V0094,Budi Jaya Store
Turning To Shelf (6158),4,V0094,Budi Jaya Store
Turning To Shelf (6188),4,V0094,Budi Jaya Store
Turning To Shelf (29496),4,V0094,Budi Jaya Store
Turning To Shelf (6230),4,V0094,Budi Jaya Store
Turning To Shelf (6259),4,V0094,Budi Jaya Store
Turning To Shelf (6288),4,V0094,Budi Jaya Store
Turning To Shelf (6318),4,V0094,Budi Jaya Store
Turning To Shelf (6348),4,V0094,Budi Jaya Store
Turning To Shelf (6354),4,V0095,Budi Jaya Store
Turning To Shelf (6384),4,V0095,Budi Jaya Store
Turning To Shelf (6414),4,V0095,Budi Jaya Store
Turning To Shelf (6444),4,V0095,Budi Jaya Store
Turning To Shelf (6474),4,V0095,Budi Jaya Store
Turning To Shelf (6496),4,V0096,Budi Jaya Store
Turning To Shelf (6526),4,V0096,Budi Jaya Store
Turning To Shelf (6556),4,V0096,Budi Jaya Store
Turning To Shelf (6586),4,V0096,Budi Jaya Store
Turning To Shelf (6616),4,V0096,Budi Jaya Store
Turning To Shelf (6646),4,V0096,Budi Jaya Store
Turning To Shelf (6661),4,V0097,Budi Jaya Store
Turning To Shelf (6691),4,V0097,Budi Jaya Store
Turning To Shelf (6721),4,V0097,Budi Jaya Store
Turning To Shelf (6751),4,V0097,Budi Jaya Store
Turning To Shelf (6781),4,V0097,Budi Jaya Store
Turning To Shelf (6811),4,V0097,Budi Jaya Store
Turning To Shelf (6841),4,V0097,Budi Jaya Store
Turning To Shelf (6871),4,V0097,Budi Jaya Store
Turning To Shelf (6901),4,V0097,Budi Jaya Store
Turning To Shelf (6931),4,V0097,Budi Jaya Store
Turning To Shelf (6961),4,V0097,Budi Jaya Store
Turning To Shelf (6989),4,V0098,Budi Jaya Store
Turning To Shelf (7019),4,V0098,Budi Jaya Store
Turning To Shelf (7049),4,V0098,Budi Jaya Store
Turning To Shelf (7079),4,V0098,Budi Jaya Store
Turning To Shelf (7109),4,V0098,Budi Jaya Store
Turning To Shelf (7139),4,V0098,Budi Jaya Store
Turning To Shelf (7169),4,V0098,Budi Jaya Store
Turning To Shelf (7199),4,V0098,Budi Jaya Store
Turning To Shelf (7229),4,V0098,Budi Jaya Store
Turning To Shelf (7259),4,V0098,Budi Jaya Store
Viewing (3671),4,V0099,Budi Jaya Store
Viewing (3701),4,V0099,Budi Jaya Store
Viewing (3731),4,V0099,Budi Jaya Store
Viewing (3761),4,V0099,Budi Jaya Store
Viewing (3791),4,V0099,Budi Jaya Store
Viewing (3821),4,V0099,Budi Jaya Store
Viewing (3851),4,V0099,Budi Jaya Store
Viewing (3881),4,V0099,Budi Jaya Store
Viewing (3911),4,V0099,Budi Jaya Store
Viewing (3941),4,V0099,Budi Jaya Store
Viewing (3957),4,V0100,Budi Jaya Store
Viewing (3987),4,V0100,Budi Jaya Store
Viewing (4017),4,V0100,Budi Jaya Store
Viewing (4047),4,V0100,Budi Jaya Store
Viewing (4077),4,V0100,Budi Jaya Store
Viewing (4107),4,V0100,Budi Jaya Store
Viewing (4137),4,V0100,Budi Jaya Store
Viewing (4167),4,V0100,Budi Jaya Store
Viewing (4197),4,V0100,Budi Jaya Store
Viewing (4204),4,V0101,Budi Jaya Store
Viewing (4234),4,V0101,Budi Jaya Store
Viewing (4262),4,V0101,Budi Jaya Store
Viewing (4292),4,V0101,Budi Jaya Store
Viewing (4321),4,V0101,Budi Jaya Store
Viewing (4351),4,V0101,Budi Jaya Store
Viewing (4381),4,V0101,Budi Jaya Store
Viewing (4411),4,V0101,Budi Jaya Store
Viewing (4412),4,V0102,Budi Jaya Store
Viewing (4442),4,V0102,Budi Jaya Store
Viewing (4472),4,V0102,Budi Jaya Store
Viewing (4502),4,V0102,Budi Jaya Store
Viewing (4532),4,V0102,Budi Jaya Store
Viewing (4562),4,V0102,Budi Jaya Store
Viewing (4592),4,V0102,Budi Jaya Store
Viewing (4622),4,V0102,Budi Jaya Store
Viewing (4652),4,V0102,Budi Jaya Store
Viewing (4682),4,V0102,Budi Jaya Store
No Interest (14898),4,V0307,Hari Store
No Interest (14928),4,V0307,Hari Store
No Interest (14958),4,V0307,Hari Store
No Interest (14988),4,V0307,Hari Store
No Interest (15016),4,V0307,Hari Store
No Interest (22892),4,V0307,Hari Store
No Interest (15057),4,V0307,Hari Store
No Interest (15087),4,V0307,Hari Store
No Interest (15090),4,V0308,Hari Store
No Interest (15120),4,V0308,Hari Store
No Interest (15150),4,V0308,Hari Store
No Interest (15180),4,V0308,Hari Store
No Interest (15210),4,V0308,Hari Store
No Interest (15240),4,V0308,Hari Store
No Interest (15270),4,V0308,Hari Store
No Interest (15274),4,V0309,Hari Store
No Interest (15304),4,V0309,Hari Store
No Interest (15334),4,V0309,Hari Store
No Interest (15364),4,V0309,Hari Store
No Interest (15394),4,V0309,Hari Store
No Interest (15424),4,V0309,Hari Store
No Interest (15434),4,V0310,Hari Store
No Interest (15463),4,V0310,Hari Store
No Interest (15493),4,V0310,Hari Store
No Interest (15522),4,V0310,Hari Store
No Interest (15552),4,V0310,Hari Store
No Interest (15582),4,V0310,Hari Store
No Interest (15608),4,V0311,Hari Store
No Interest (15638),4,V0311,Hari Store
No Interest (15668),4,V0311,Hari Store
No Interest (15698),4,V0311,Hari Store
No Interest (15725),4,V0311,Hari Store
No Interest (15755),4,V0311,Hari Store
No Interest (15785),4,V0311,Hari Store
No Interest (15815),4,V0311,Hari Store
No Interest (15844),4,V0311,Hari Store
No Interest (15874),4,V0311,Hari Store
No Interest (15904),4,V0311,Hari Store
No Interest (15920),4,V0312,Hari Store
No Interest (15950),4,V0312,Hari Store
No Interest (15980),4,V0312,Hari Store
No Interest (16010),4,V0312,Hari Store
No Interest (16040),4,V0312,Hari Store
No Interest (16070),4,V0312,Hari Store
Picking and Returning (18443),4,V0313,Hari Store
Picking and Returning (18472),4,V0313,Hari Store
Picking and Returning (18498),4,V0313,Hari Store
Picking and Returning (28313),4,V0313,Hari Store
Picking and Returning (18545),4,V0313,Hari Store
Picking and Returning (18575),4,V0313,Hari Store
Picking and Returning (18605),4,V0313,Hari Store
Picking and Returning (18635),4,V0313,Hari Store
Picking and Returning (18665),4,V0313,Hari Store
Picking and Returning (18695),4,V0313,Hari Store
Picking and Returning (18725),4,V0313,Hari Store
Picking and Returning (18755),4,V0313,Hari Store
Picking and Returning (18785),4,V0313,Hari Store
Picking and Returning (18815),4,V0313,Hari Store
Picking and Returning (18844),4,V0313,Hari Store
Picking and Returning (18861),4,V0314,Hari Store
Picking and Returning (18891),4,V0314,Hari Store
Picking and Returning (18921),4,V0314,Hari Store
Picking and Returning (18951),4,V0314,Hari Store
Picking and Returning (18980),4,V0314,Hari Store
Picking and Returning (19009),4,V0314,Hari Store
Picking and Returning (19039),4,V0314,Hari Store
Picking and Returning (19069),4,V0314,Hari Store
Picking and Returning (19099),4,V0314,Hari Store
Picking and Returning (19129),4,V0314,Hari Store
Picking and Returning (19159),4,V0314,Hari Store
Picking and Returning (19188),4,V0315,Hari Store
Picking and Returning (19218),4,V0315,Hari Store
Picking and Returning (19248),4,V0315,Hari Store
Picking and Returning (19273),4,V0315,Hari Store
Picking and Returning (19300),4,V0315,Hari Store
Picking and Returning (19330),4,V0315,Hari Store
Picking and Returning (28342),4,V0315,Hari Store
Picking and Returning (19358),4,V0316,Hari Store
Picking and Returning (28358),4,V0316,Hari Store
Picking and Returning (28372),4,V0316,Hari Store
Picking and Returning (19416),4,V0316,Hari Store
Picking and Returning (19446),4,V0316,Hari Store
Picking and Returning (19476),4,V0316,Hari Store
Picking and Returning (19506),4,V0316,Hari Store
Picking and Returning (19536),4,V0316,Hari Store
Picking and Returning (28381),4,V0316,Hari Store
Picking and Returning (28391),4,V0316,Hari Store
Picking and Returning (19601),4,V0316,Hari Store
Picking and Returning (19631),4,V0317,Hari Store
Picking and Returning (19661),4,V0317,Hari Store
Picking and Returning (19691),4,V0317,Hari Store
Picking and Returning (19720),4,V0317,Hari Store
Picking and Returning (19750),4,V0317,Hari Store
Picking and Returning (19780),4,V0317,Hari Store
Picking and Returning (19810),4,V0317,Hari Store
Picking and Returning (19839),4,V0317,Hari Store
Picking and Returning (19869),4,V0317,Hari Store
Picking and Returning (19899),4,V0317,Hari Store
Picking and Returning (19925),4,V0317,Hari Store
Picking and Returning (19931),4,V0318,Hari Store
Picking and Returning (28414),4,V0318,Hari Store
Picking and Returning (19971),4,V0318,Hari Store
Picking and Returning (19994),4,V0318,Hari Store
Picking and Returning (20020),4,V0318,Hari Store
Picking and Returning (28443),4,V0318,Hari Store
Picking and Returning (20071),4,V0318,Hari Store
Picking and Returning (20100),4,V0318,Hari Store
Picking and Returning (20129),4,V0318,Hari Store
Picking and Returning (20159),4,V0318,Hari Store
Picking and Returning (20188),4,V0318,Hari Store
Touching (20196),4,V0319,Hari Store
Touching (20225),4,V0319,Hari Store
Touching (20255),4,V0319,Hari Store
Touching (20285),4,V0319,Hari Store
Touching (20315),4,V0319,Hari Store
Touching (20344),4,V0319,Hari Store
Touching (20373),4,V0319,Hari Store
Touching (20403),4,V0319,Hari Store
Touching (20433),4,V0319,Hari Store
Touching (20463),4,V0319,Hari Store
Touching (20482),4,V0320,Hari Store
Touching (20512),4,V0320,Hari Store
Touching (20542),4,V0320,Hari Store
Touching (20572),4,V0320,Hari Store
Touching (20602),4,V0320,Hari Store
Touching (20632),4,V0320,Hari Store
Touching (20657),4,V0321,Hari Store
Touching (20687),4,V0321,Hari Store
Touching (20717),4,V0321,Hari Store
Touching (20747),4,V0321,Hari Store
Touching (20776),4,V0321,Hari Store
Touching (20806),4,V0321,Hari Store
Touching (20835),4,V0321,Hari Store
Touching (20864),4,V0321,Hari Store
Touching (28797),4,V0321,Hari Store
Touching (20893),4,V0321,Hari Store
Touching (20923),4,V0321,Hari Store
Touching (20952),4,V0321,Hari Store
Touching (20982),4,V0321,Hari Store
Touching (21009),4,V0322,Hari Store
Touching (21039),4,V0322,Hari Store
Touching (21069),4,V0322,Hari Store
Touching (21099),4,V0322,Hari Store
Touching (21129),4,V0322,Hari Store
Touching (21159),4,V0322,Hari Store
Touching (21189),4,V0322,Hari Store
Touching (28812),4,V0322,Hari Store
Touching (21238),4,V0322,Hari Store
Touching (21268),4,V0322,Hari Store
Touching (21298),4,V0322,Hari Store
Touching (21328),4,V0322,Hari Store
Touching (21358),4,V0322,Hari Store
Touching (21388),4,V0322,Hari Store
Touching (21402),4,V0323,Hari Store
Touching (21431),4,V0323,Hari Store
Touching (21457),4,V0323,Hari Store
Touching (21480),4,V0323,Hari Store
Touching (21501),4,V0323,Hari Store
Touching (21528),4,V0323,Hari Store
Touching (21558),4,V0323,Hari Store
Touching (21577),4,V0324,Hari Store
Touching (21607),4,V0324,Hari Store
Touching (21637),4,V0324,Hari Store
Touching (21667),4,V0324,Hari Store
Touching (21697),4,V0324,Hari Store
Touching (21727),4,V0324,Hari Store
Touching (21757),4,V0324,Hari Store
Touching (21787),4,V0324,Hari Store
Touching (21806),4,V0325,Hari Store
Touching (21836),4,V0325,Hari Store
Touching (21864),4,V0325,Hari Store
Touching (21894),4,V0325,Hari Store
Touching (21924),4,V0325,Hari Store
Touching (21953),4,V0325,Hari Store
Touching (21978),4,V0325,Hari Store
Touching (22008),4,V0325,Hari Store
Touching (22038),4,V0325,Hari Store
Touching (22068),4,V0325,Hari Store
Touching (22098),4,V0325,Hari Store
Touching (22126),4,V0325,Hari Store
Touching (22156),4,V0325,Hari Store
Touching (22186),4,V0325,Hari Store
Touching (22216),4,V0325,Hari Store
Turning To Shelf (21321),4,V0327,Hari Store
Turning To Shelf (21351),4,V0327,Hari Store
Turning To Shelf (21381),4,V0327,Hari Store
Turning To Shelf (21411),4,V0327,Hari Store
Turning To Shelf (21441),4,V0327,Hari Store
Turning To Shelf (21471),4,V0327,Hari Store
Turning To Shelf (21501),4,V0327,Hari Store
Turning To Shelf (21531),4,V0327,Hari Store
Turning To Shelf (21561),4,V0327,Hari Store
Turning To Shelf (21591),4,V0327,Hari Store
Turning To Shelf (21621),4,V0327,Hari Store
Turning To Shelf (21651),4,V0327,Hari Store
Turning To Shelf (21674),4,V0328,Hari Store
Turning To Shelf (21704),4,V0328,Hari Store
Turning To Shelf (21734),4,V0328,Hari Store
Turning To Shelf (21764),4,V0328,Hari Store
Turning To Shelf (21790),4,V0328,Hari Store
Turning To Shelf (21819),4,V0328,Hari Store
Turning To Shelf (21849),4,V0328,Hari Store
Turning To Shelf (21879),4,V0328,Hari Store
Turning To Shelf (21906),4,V0328,Hari Store
Turning To Shelf (21926),4,V0329,Hari Store
Turning To Shelf (21956),4,V0329,Hari Store
Turning To Shelf (21986),4,V0329,Hari Store
Turning To Shelf (22016),4,V0329,Hari Store
Turning To Shelf (22046),4,V0329,Hari Store
Turning To Shelf (30062),4,V0329,Hari Store
Turning To Shelf (22100),4,V0329,Hari Store
Turning To Shelf (22130),4,V0329,Hari Store
Turning To Shelf (22160),4,V0329,Hari Store
Turning To Shelf (22189),4,V0329,Hari Store
Turning To Shelf (22217),4,V0329,Hari Store
Turning To Shelf (22226),4,V0330,Hari Store
Turning To Shelf (22256),4,V0330,Hari Store
Turning To Shelf (22285),4,V0330,Hari Store
Turning To Shelf (22315),4,V0330,Hari Store
Turning To Shelf (22345),4,V0330,Hari Store
Turning To Shelf (22375),4,V0330,Hari Store
Turning To Shelf (22404),4,V0330,Hari Store
Turning To Shelf (22431),4,V0330,Hari Store
Turning To Shelf (22461),4,V0330,Hari Store
Turning To Shelf (22491),4,V0330,Hari Store
Turning To Shelf (22521),4,V0330,Hari Store
Turning To Shelf (22534),4,V0331,Hari Store
Turning To Shelf (22564),4,V0331,Hari Store
Turning To Shelf (22594),4,V0331,Hari Store
Turning To Shelf (22624),4,V0331,Hari Store
Turning To Shelf (22654),4,V0331,Hari Store
Turning To Shelf (22684),4,V0331,Hari Store
Turning To Shelf (22714),4,V0331,Hari Store
Turning To Shelf (22744),4,V0331,Hari Store
Turning To Shelf (22774),4,V0331,Hari Store
Turning To Shelf (22804),4,V0331,Hari Store
Turning To Shelf (22805),4,V0332,Hari Store
Turning To Shelf (22835),4,V0332,Hari Store
Turning To Shelf (22865),4,V0332,Hari Store
Turning To Shelf (22895),4,V0332,Hari Store
Turning To Shelf (22924),4,V0332,Hari Store
Turning To Shelf (22954),4,V0332,Hari Store
Turning To Shelf (22981),4,V0332,Hari Store
Turning To Shelf (23009),4,V0332,Hari Store
Turning To Shelf (23039),4,V0332,Hari Store
Turning To Shelf (23069),4,V0332,Hari Store
Turning To Shelf (23099),4,V0332,Hari Store
Turning To Shelf (23129),4,V0332,Hari Store
Turning To Shelf (23159),4,V0332,Hari Store
Turning To Shelf (23167),4,V0333,Hari Store
Turning To Shelf (23196),4,V0333,Hari Store
Turning To Shelf (23226),4,V0333,Hari Store
Turning To Shelf (23256),4,V0333,Hari Store
Turning To Shelf (23286),4,V0333,Hari Store
Turning To Shelf (23316),4,V0333,Hari Store
Viewing (17171),4,V0334,Hari Store
Viewing (17201),4,V0334,Hari Store
Viewing (17231),4,V0334,Hari Store
Viewing (17261),4,V0334,Hari Store
Viewing (17291),4,V0334,Hari Store
Viewing (17321),4,V0334,Hari Store
Viewing (17351),4,V0334,Hari Store
Viewing (17381),4,V0334,Hari Store
Viewing (17411),4,V0334,Hari Store
Viewing (17419),4,V0335,Hari Store
Viewing (17449),4,V0335,Hari Store
Viewing (17479),4,V0335,Hari Store
Viewing (17509),4,V0335,Hari Store
Viewing (17539),4,V0335,Hari Store
Viewing (17569),4,V0335,Hari Store
Viewing (17583),4,V0336,Hari Store
Viewing (17613),4,V0336,Hari Store
Viewing (17643),4,V0336,Hari Store
Viewing (17673),4,V0336,Hari Store
Viewing (17703),4,V0336,Hari Store
Viewing (17733),4,V0336,Hari Store
Viewing (17748),4,V0337,Hari Store
Viewing (17778),4,V0337,Hari Store
Viewing (17808),4,V0337,Hari Store
Viewing (17838),4,V0337,Hari Store
Viewing (17868),4,V0337,Hari Store
Viewing (17898),4,V0337,Hari Store
Viewing (17928),4,V0337,Hari Store
Viewing (17958),4,V0337,Hari Store
Viewing (17988),4,V0337,Hari Store
Viewing (18016),4,V0338,Hari Store
Viewing (18046),4,V0338,Hari Store
Viewing (18076),4,V0338,Hari Store
Viewing (18106),4,V0338,Hari Store
Viewing (18136),4,V0338,Hari Store
Viewing (18166),4,V0338,Hari Store
Viewing (18196),4,V0338,Hari Store
No Interest (27223),6,V0554,Senyum 2 Store
No Interest (27253),6,V0554,Senyum 2 Store
No Interest (27283),6,V0554,Senyum 2 Store
No Interest (27313),6,V0554,Senyum 2 Store
No Interest (27343),6,V0554,Senyum 2 Store
No Interest (27371),6,V0554,Senyum 2 Store
No Interest (27388),6,V0554,Senyum 2 Store
No Interest (27418),6,V0554,Senyum 2 Store
No Interest (27447),6,V0554,Senyum 2 Store
No Interest (27476),6,V0554,Senyum 2 Store
No Interest (27506),6,V0554,Senyum 2 Store
No Interest (27536),6,V0554,Senyum 2 Store
No Interest (27566),6,V0555,Senyum 2 Store
No Interest (27596),6,V0555,Senyum 2 Store
No Interest (27626),6,V0555,Senyum 2 Store
No Interest (27656),6,V0555,Senyum 2 Store
No Interest (27686),6,V0555,Senyum 2 Store
No Interest (23050),6,V0555,Senyum 2 Store
No Interest (27739),6,V0555,Senyum 2 Store
No Interest (27769),6,V0555,Senyum 2 Store
No Interest (27798),6,V0555,Senyum 2 Store
No Interest (27800),6,V0556,Senyum 2 Store
No Interest (27830),6,V0556,Senyum 2 Store
No Interest (27860),6,V0556,Senyum 2 Store
No Interest (27890),6,V0556,Senyum 2 Store
No Interest (27920),6,V0556,Senyum 2 Store
No Interest (27950),6,V0556,Senyum 2 Store
No Interest (27980),6,V0556,Senyum 2 Store
No Interest (28010),6,V0556,Senyum 2 Store
No Interest (28040),6,V0556,Senyum 2 Store
No Interest (28067),6,V0556,Senyum 2 Store
No Interest (28097),6,V0556,Senyum 2 Store
No Interest (28127),6,V0556,Senyum 2 Store
No Interest (28157),6,V0556,Senyum 2 Store
No Interest (28169),6,V0557,Senyum 2 Store
No Interest (28199),6,V0557,Senyum 2 Store
No Interest (28229),6,V0557,Senyum 2 Store
No Interest (28259),6,V0557,Senyum 2 Store
No Interest (28288),6,V0557,Senyum 2 Store
No Interest (28316),6,V0557,Senyum 2 Store
No Interest (28346),6,V0557,Senyum 2 Store
No Interest (28375),6,V0557,Senyum 2 Store
No Interest (28405),6,V0557,Senyum 2 Store
No Interest (28435),6,V0557,Senyum 2 Store
No Interest (28465),6,V0557,Senyum 2 Store
Picking and Putting (21372),6,V0558,Senyum 2 Store
Picking and Putting (27006),6,V0558,Senyum 2 Store
Picking and Putting (27036),6,V0558,Senyum 2 Store
Picking and Putting (21397),6,V0558,Senyum 2 Store
Picking and Putting (27074),6,V0558,Senyum 2 Store
Picking and Putting (27104),6,V0558,Senyum 2 Store
Picking and Putting (27134),6,V0558,Senyum 2 Store
Picking and Putting (27164),6,V0558,Senyum 2 Store
Picking and Putting (27194),6,V0558,Senyum 2 Store
Picking and Putting (27224),6,V0558,Senyum 2 Store
Picking and Putting (27254),6,V0558,Senyum 2 Store
Picking and Putting (27284),6,V0558,Senyum 2 Store
Picking and Putting (27288),6,V0559,Senyum 2 Store
Picking and Putting (27317),6,V0559,Senyum 2 Store
Picking and Putting (27347),6,V0559,Senyum 2 Store
Picking and Putting (27377),6,V0559,Senyum 2 Store
Picking and Putting (27407),6,V0559,Senyum 2 Store
Picking and Putting (27437),6,V0559,Senyum 2 Store
Picking and Putting (27467),6,V0559,Senyum 2 Store
Picking and Putting (27475),6,V0560,Senyum 2 Store
Picking and Putting (27505),6,V0560,Senyum 2 Store
Picking and Putting (27535),6,V0560,Senyum 2 Store
Picking and Putting (27565),6,V0560,Senyum 2 Store
Picking and Putting (27595),6,V0560,Senyum 2 Store
Picking and Putting (27625),6,V0560,Senyum 2 Store
Picking and Putting (27655),6,V0560,Senyum 2 Store
Picking and Putting (21413),6,V0560,Senyum 2 Store
Picking and Putting (27710),6,V0560,Senyum 2 Store
Picking and Putting (27740),6,V0560,Senyum 2 Store
Picking and Putting (27766),6,V0560,Senyum 2 Store
Picking and Putting (27796),6,V0560,Senyum 2 Store
Picking and Putting (27812),6,V0561,Senyum 2 Store
Picking and Putting (27842),6,V0561,Senyum 2 Store
Picking and Putting (27872),6,V0561,Senyum 2 Store
Picking and Putting (27902),6,V0561,Senyum 2 Store
Picking and Putting (27932),6,V0561,Senyum 2 Store
Picking and Putting (27962),6,V0561,Senyum 2 Store
Picking and Putting (27992),6,V0561,Senyum 2 Store
Picking and Putting (28022),6,V0561,Senyum 2 Store
Picking and Putting (28052),6,V0561,Senyum 2 Store
Picking and Putting (28082),6,V0561,Senyum 2 Store
Picking and Putting (28112),6,V0561,Senyum 2 Store
Picking and Putting (28133),6,V0562,Senyum 2 Store
Picking and Putting (28158),6,V0562,Senyum 2 Store
Picking and Putting (28185),6,V0562,Senyum 2 Store
Picking and Putting (28196),6,V0563,Senyum 2 Store
Picking and Putting (28226),6,V0563,Senyum 2 Store
Picking and Putting (28256),6,V0563,Senyum 2 Store
Picking and Putting (28286),6,V0563,Senyum 2 Store
Picking and Putting (28316),6,V0563,Senyum 2 Store
Picking and Putting (28346),6,V0563,Senyum 2 Store
Picking and Putting (28376),6,V0563,Senyum 2 Store
Picking and Putting (28406),6,V0563,Senyum 2 Store
Picking and Putting (28436),6,V0563,Senyum 2 Store
Picking and Returning (38891),6,V0564,Senyum 2 Store
Picking and Returning (38921),6,V0564,Senyum 2 Store
Picking and Returning (38951),6,V0564,Senyum 2 Store
Picking and Returning (38981),6,V0564,Senyum 2 Store
Picking and Returning (39009),6,V0564,Senyum 2 Store
Picking and Returning (39039),6,V0564,Senyum 2 Store
Picking and Returning (28813),6,V0564,Senyum 2 Store
Picking and Returning (39073),6,V0564,Senyum 2 Store
Picking and Returning (39099),6,V0564,Senyum 2 Store
Picking and Returning (39121),6,V0564,Senyum 2 Store
Picking and Returning (39151),6,V0564,Senyum 2 Store
Picking and Returning (39181),6,V0564,Senyum 2 Store
Picking and Returning (39211),6,V0564,Senyum 2 Store
Picking and Returning (39237),6,V0564,Senyum 2 Store
Picking and Returning (39252),6,V0564,Senyum 2 Store
Picking and Returning (39275),6,V0564,Senyum 2 Store
Picking and Returning (39305),6,V0564,Senyum 2 Store
Picking and Returning (39335),6,V0564,Senyum 2 Store
Picking and Returning (39365),6,V0564,Senyum 2 Store
Picking and Returning (39395),6,V0564,Senyum 2 Store
Picking and Returning (39425),6,V0564,Senyum 2 Store
Picking and Returning (39455),6,V0564,Senyum 2 Store
Picking and Returning (39485),6,V0564,Senyum 2 Store
Picking and Returning (39515),6,V0564,Senyum 2 Store
Picking and Returning (39545),6,V0564,Senyum 2 Store
Picking and Returning (39575),6,V0564,Senyum 2 Store
Picking and Returning (39605),6,V0564,Senyum 2 Store
Picking and Returning (39635),6,V0564,Senyum 2 Store
Picking and Returning (39665),6,V0564,Senyum 2 Store
Picking and Returning (39695),6,V0564,Senyum 2 Store
Picking and Returning (39725),6,V0564,Senyum 2 Store
Picking and Returning (39755),6,V0564,Senyum 2 Store
Picking and Returning (39785),6,V0564,Senyum 2 Store
Picking and Returning (39815),6,V0564,Senyum 2 Store
Picking and Returning (39845),6,V0564,Senyum 2 Store
Picking and Returning (39875),6,V0564,Senyum 2 Store
Picking and Returning (39897),6,V0565,Senyum 2 Store
Picking and Returning (39927),6,V0565,Senyum 2 Store
Picking and Returning (39957),6,V0565,Senyum 2 Store
Picking and Returning (39987),6,V0565,Senyum 2 Store
Picking and Returning (40017),6,V0565,Senyum 2 Store
Picking and Returning (40047),6,V0565,Senyum 2 Store
Picking and Returning (40077),6,V0565,Senyum 2 Store
Picking and Returning (40107),6,V0565,Senyum 2 Store
Picking and Returning (40137),6,V0565,Senyum 2 Store
Picking and Returning (40167),6,V0565,Senyum 2 Store
Picking and Returning (40197),6,V0565,Senyum 2 Store
Picking and Returning (40227),6,V0565,Senyum 2 Store
Picking and Returning (40257),6,V0565,Senyum 2 Store
Picking and Returning (40287),6,V0565,Senyum 2 Store
Picking and Returning (40317),6,V0565,Senyum 2 Store
Picking and Returning (40347),6,V0565,Senyum 2 Store
Picking and Returning (40377),6,V0565,Senyum 2 Store
Picking and Returning (40382),6,V0566,Senyum 2 Store
Picking and Returning (40412),6,V0566,Senyum 2 Store
Picking and Returning (40442),6,V0566,Senyum 2 Store
Picking and Returning (40472),6,V0566,Senyum 2 Store
Picking and Returning (40502),6,V0566,Senyum 2 Store
Picking and Returning (40532),6,V0566,Senyum 2 Store
Picking and Returning (40562),6,V0566,Senyum 2 Store
Picking and Returning (40592),6,V0566,Senyum 2 Store
Picking and Returning (40622),6,V0566,Senyum 2 Store
Picking and Returning (40652),6,V0566,Senyum 2 Store
Picking and Returning (40682),6,V0566,Senyum 2 Store
Picking and Returning (40712),6,V0566,Senyum 2 Store
Picking and Returning (40742),6,V0566,Senyum 2 Store
Picking and Returning (40772),6,V0566,Senyum 2 Store
Picking and Returning (40802),6,V0566,Senyum 2 Store
Picking and Returning (40832),6,V0566,Senyum 2 Store
Picking and Returning (40862),6,V0566,Senyum 2 Store
Picking and Returning (40892),6,V0566,Senyum 2 Store
Picking and Returning (40922),6,V0566,Senyum 2 Store
Picking and Returning (40952),6,V0566,Senyum 2 Store
Picking and Returning (40982),6,V0566,Senyum 2 Store
Picking and Returning (41012),6,V0566,Senyum 2 Store
Picking and Returning (41038),6,V0567,Senyum 2 Store
Picking and Returning (41068),6,V0567,Senyum 2 Store
Picking and Returning (41098),6,V0567,Senyum 2 Store
Picking and Returning (41125),6,V0567,Senyum 2 Store
Picking and Returning (41155),6,V0567,Senyum 2 Store
Picking and Returning (41185),6,V0567,Senyum 2 Store
Picking and Returning (41215),6,V0567,Senyum 2 Store
Picking and Returning (41245),6,V0567,Senyum 2 Store
Picking and Returning (41275),6,V0567,Senyum 2 Store
Picking and Returning (41305),6,V0567,Senyum 2 Store
Picking and Returning (41335),6,V0567,Senyum 2 Store
Picking and Returning (41365),6,V0567,Senyum 2 Store
Picking and Returning (41395),6,V0567,Senyum 2 Store
Picking and Returning (41425),6,V0567,Senyum 2 Store
Picking and Returning (41455),6,V0567,Senyum 2 Store
Picking and Returning (41485),6,V0567,Senyum 2 Store
Picking and Returning (41515),6,V0567,Senyum 2 Store
Picking and Returning (41545),6,V0567,Senyum 2 Store
Picking and Returning (41575),6,V0567,Senyum 2 Store
Picking and Returning (41605),6,V0567,Senyum 2 Store
Picking and Returning (41635),6,V0567,Senyum 2 Store
Picking and Returning (41665),6,V0567,Senyum 2 Store
Picking and Returning (41695),6,V0567,Senyum 2 Store
Picking and Returning (41725),6,V0567,Senyum 2 Store
Picking and Returning (41742),6,V0568,Senyum 2 Store
Picking and Returning (41772),6,V0568,Senyum 2 Store
Picking and Returning (41802),6,V0568,Senyum 2 Store
Picking and Returning (41832),6,V0568,Senyum 2 Store
Picking and Returning (41862),6,V0568,Senyum 2 Store
Picking and Returning (41892),6,V0568,Senyum 2 Store
Picking and Returning (41922),6,V0568,Senyum 2 Store
Picking and Returning (41952),6,V0568,Senyum 2 Store
Picking and Returning (41982),6,V0568,Senyum 2 Store
Picking and Returning (42012),6,V0568,Senyum 2 Store
Picking and Returning (42042),6,V0568,Senyum 2 Store
Picking and Returning (42072),6,V0568,Senyum 2 Store
Picking and Returning (42102),6,V0568,Senyum 2 Store
Picking and Returning (42132),6,V0568,Senyum 2 Store
Picking and Returning (42162),6,V0568,Senyum 2 Store
Picking and Returning (42182),6,V0569,Senyum 2 Store
Picking and Returning (42212),6,V0569,Senyum 2 Store
Picking and Returning (42242),6,V0569,Senyum 2 Store
Picking and Returning (42272),6,V0569,Senyum 2 Store
Picking and Returning (42302),6,V0569,Senyum 2 Store
Picking and Returning (42331),6,V0569,Senyum 2 Store
Picking and Returning (42361),6,V0569,Senyum 2 Store
Picking and Returning (42391),6,V0569,Senyum 2 Store
Picking and Returning (28878),6,V0569,Senyum 2 Store
Picking and Returning (42447),6,V0569,Senyum 2 Store
Picking and Returning (42477),6,V0569,Senyum 2 Store
Picking and Returning (42507),6,V0569,Senyum 2 Store
Picking and Returning (42537),6,V0569,Senyum 2 Store
Picking and Returning (42567),6,V0569,Senyum 2 Store
Picking and Returning (42597),6,V0569,Senyum 2 Store
Picking and Returning (42627),6,V0569,Senyum 2 Store
Picking and Returning (42657),6,V0569,Senyum 2 Store
Touching (37093),6,V0570,Senyum 2 Store
Touching (37123),6,V0570,Senyum 2 Store
Touching (37153),6,V0570,Senyum 2 Store
Touching (37162),6,V0571,Senyum 2 Store
Touching (37191),6,V0571,Senyum 2 Store
Touching (37221),6,V0571,Senyum 2 Store
Touching (37251),6,V0571,Senyum 2 Store
Touching (37276),6,V0571,Senyum 2 Store
Touching (37306),6,V0571,Senyum 2 Store
Touching (37333),6,V0571,Senyum 2 Store
Touching (37363),6,V0571,Senyum 2 Store
Touching (37393),6,V0571,Senyum 2 Store
Touching (37422),6,V0571,Senyum 2 Store
Touching (37425),6,V0572,Senyum 2 Store
Touching (37455),6,V0572,Senyum 2 Store
Touching (37485),6,V0572,Senyum 2 Store
Touching (37515),6,V0572,Senyum 2 Store
Touching (37545),6,V0572,Senyum 2 Store
Touching (37575),6,V0572,Senyum 2 Store
Touching (37605),6,V0572,Senyum 2 Store
Touching (37635),6,V0572,Senyum 2 Store
Touching (37665),6,V0572,Senyum 2 Store
Touching (37695),6,V0572,Senyum 2 Store
Touching (37725),6,V0572,Senyum 2 Store
Touching (37755),6,V0572,Senyum 2 Store
Touching (37785),6,V0572,Senyum 2 Store
Touching (37815),6,V0572,Senyum 2 Store
Touching (37845),6,V0572,Senyum 2 Store
Touching (37875),6,V0572,Senyum 2 Store
Touching (37882),6,V0573,Senyum 2 Store
Touching (37912),6,V0573,Senyum 2 Store
Touching (37942),6,V0573,Senyum 2 Store
Touching (37972),6,V0573,Senyum 2 Store
Touching (29413),6,V0573,Senyum 2 Store
Touching (38000),6,V0573,Senyum 2 Store
Touching (38024),6,V0573,Senyum 2 Store
Touching (38054),6,V0573,Senyum 2 Store
Touching (38084),6,V0573,Senyum 2 Store
Touching (38114),6,V0573,Senyum 2 Store
Touching (38144),6,V0573,Senyum 2 Store
Touching (38174),6,V0573,Senyum 2 Store
Touching (38204),6,V0573,Senyum 2 Store
Touching (38234),6,V0573,Senyum 2 Store
Touching (38264),6,V0573,Senyum 2 Store
Touching (38294),6,V0573,Senyum 2 Store
Touching (29457),6,V0573,Senyum 2 Store
Touching (38338),6,V0573,Senyum 2 Store
Touching (38367),6,V0573,Senyum 2 Store
Touching (38395),6,V0573,Senyum 2 Store
Touching (38425),6,V0573,Senyum 2 Store
Touching (38436),6,V0574,Senyum 2 Store
Touching (38466),6,V0574,Senyum 2 Store
Touching (38496),6,V0574,Senyum 2 Store
Touching (38526),6,V0574,Senyum 2 Store
Touching (38556),6,V0574,Senyum 2 Store
Touching (38586),6,V0574,Senyum 2 Store
Touching (38616),6,V0574,Senyum 2 Store
Touching (38646),6,V0574,Senyum 2 Store
Touching (38676),6,V0574,Senyum 2 Store
Touching (38706),6,V0574,Senyum 2 Store
Touching (38736),6,V0574,Senyum 2 Store
Touching (38766),6,V0574,Senyum 2 Store
Touching (38796),6,V0574,Senyum 2 Store
Touching (38826),6,V0574,Senyum 2 Store
Touching (38856),6,V0574,Senyum 2 Store
Touching (38886),6,V0574,Senyum 2 Store
Touching (38916),6,V0574,Senyum 2 Store
Touching (38946),6,V0574,Senyum 2 Store
Touching (38976),6,V0574,Senyum 2 Store
Touching (39006),6,V0574,Senyum 2 Store
Touching (39036),6,V0574,Senyum 2 Store
Touching (39066),6,V0574,Senyum 2 Store
Touching (39096),6,V0574,Senyum 2 Store
Touching (39126),6,V0574,Senyum 2 Store
Touching (39156),6,V0574,Senyum 2 Store
Touching (39186),6,V0574,Senyum 2 Store
Touching (39216),6,V0574,Senyum 2 Store
Touching (39246),6,V0574,Senyum 2 Store
Touching (39276),6,V0574,Senyum 2 Store
Touching (39287),6,V0575,Senyum 2 Store
Touching (39317),6,V0575,Senyum 2 Store
Touching (39347),6,V0575,Senyum 2 Store
Touching (39377),6,V0575,Senyum 2 Store
Touching (39407),6,V0575,Senyum 2 Store
Touching (39437),6,V0575,Senyum 2 Store
Touching (39467),6,V0575,Senyum 2 Store
Touching (39497),6,V0575,Senyum 2 Store
Touching (39527),6,V0575,Senyum 2 Store
Touching (39557),6,V0575,Senyum 2 Store
Touching (39587),6,V0575,Senyum 2 Store
Touching (39617),6,V0575,Senyum 2 Store
Touching (39647),6,V0575,Senyum 2 Store
Touching (39656),6,V0576,Senyum 2 Store
Touching (39686),6,V0576,Senyum 2 Store
Touching (39716),6,V0576,Senyum 2 Store
Touching (39746),6,V0576,Senyum 2 Store
Touching (39776),6,V0576,Senyum 2 Store
Touching (39806),6,V0576,Senyum 2 Store
Touching (39836),6,V0576,Senyum 2 Store
Touching (39866),6,V0576,Senyum 2 Store
Touching (39896),6,V0576,Senyum 2 Store
Touching (39926),6,V0576,Senyum 2 Store
Touching (39956),6,V0576,Senyum 2 Store
Touching (39986),6,V0576,Senyum 2 Store
Touching (40016),6,V0576,Senyum 2 Store
Turning To Shelf (39030),6,V0577,Senyum 2 Store
Turning To Shelf (39060),6,V0577,Senyum 2 Store
Turning To Shelf (39090),6,V0577,Senyum 2 Store
Turning To Shelf (39120),6,V0577,Senyum 2 Store
Turning To Shelf (39150),6,V0577,Senyum 2 Store
Turning To Shelf (39180),6,V0577,Senyum 2 Store
Turning To Shelf (39210),6,V0577,Senyum 2 Store
Turning To Shelf (39240),6,V0577,Senyum 2 Store
Turning To Shelf (39270),6,V0577,Senyum 2 Store
Turning To Shelf (39300),6,V0577,Senyum 2 Store
Turning To Shelf (39330),6,V0577,Senyum 2 Store
Turning To Shelf (39356),6,V0577,Senyum 2 Store
Turning To Shelf (39386),6,V0577,Senyum 2 Store
Turning To Shelf (39416),6,V0577,Senyum 2 Store
Turning To Shelf (39446),6,V0577,Senyum 2 Store
Turning To Shelf (39476),6,V0577,Senyum 2 Store
Turning To Shelf (39506),6,V0577,Senyum 2 Store
Turning To Shelf (39536),6,V0577,Senyum 2 Store
Turning To Shelf (39566),6,V0577,Senyum 2 Store
Turning To Shelf (39596),6,V0577,Senyum 2 Store
Turning To Shelf (39609),6,V0578,Senyum 2 Store
Turning To Shelf (39639),6,V0578,Senyum 2 Store
Turning To Shelf (39669),6,V0578,Senyum 2 Store
Turning To Shelf (39699),6,V0578,Senyum 2 Store
Turning To Shelf (39729),6,V0578,Senyum 2 Store
Turning To Shelf (39759),6,V0578,Senyum 2 Store
Turning To Shelf (30723),6,V0578,Senyum 2 Store
Turning To Shelf (30738),6,V0578,Senyum 2 Store
Turning To Shelf (39819),6,V0578,Senyum 2 Store
Turning To Shelf (39826),6,V0579,Senyum 2 Store
Turning To Shelf (39856),6,V0579,Senyum 2 Store
Turning To Shelf (39886),6,V0579,Senyum 2 Store
Turning To Shelf (39916),6,V0579,Senyum 2 Store
Turning To Shelf (39946),6,V0579,Senyum 2 Store
Turning To Shelf (39976),6,V0579,Senyum 2 Store
Turning To Shelf (40006),6,V0579,Senyum 2 Store
Turning To Shelf (40036),6,V0579,Senyum 2 Store
Turning To Shelf (40065),6,V0579,Senyum 2 Store
Turning To Shelf (40076),6,V0580,Senyum 2 Store
Turning To Shelf (30759),6,V0580,Senyum 2 Store
Turning To Shelf (40134),6,V0580,Senyum 2 Store
Turning To Shelf (40164),6,V0580,Senyum 2 Store
Turning To Shelf (40194),6,V0580,Senyum 2 Store
Turning To Shelf (40224),6,V0580,Senyum 2 Store
Turning To Shelf (40254),6,V0580,Senyum 2 Store
Turning To Shelf (40284),6,V0580,Senyum 2 Store
Turning To Shelf (40314),6,V0580,Senyum 2 Store
Turning To Shelf (40344),6,V0580,Senyum 2 Store
Turning To Shelf (40372),6,V0580,Senyum 2 Store
Turning To Shelf (40402),6,V0580,Senyum 2 Store
Turning To Shelf (40432),6,V0580,Senyum 2 Store
Turning To Shelf (40435),6,V0581,Senyum 2 Store
Turning To Shelf (40465),6,V0581,Senyum 2 Store
Turning To Shelf (40495),6,V0581,Senyum 2 Store
Turning To Shelf (40525),6,V0581,Senyum 2 Store
Turning To Shelf (40555),6,V0581,Senyum 2 Store
Turning To Shelf (40585),6,V0581,Senyum 2 Store
Turning To Shelf (40615),6,V0581,Senyum 2 Store
Turning To Shelf (40645),6,V0581,Senyum 2 Store
Turning To Shelf (40675),6,V0581,Senyum 2 Store
Turning To Shelf (40705),6,V0581,Senyum 2 Store
Turning To Shelf (40735),6,V0581,Senyum 2 Store
Turning To Shelf (40765),6,V0581,Senyum 2 Store
Turning To Shelf (40795),6,V0581,Senyum 2 Store
Turning To Shelf (40825),6,V0581,Senyum 2 Store
Turning To Shelf (40855),6,V0581,Senyum 2 Store
Turning To Shelf (40885),6,V0581,Senyum 2 Store
Turning To Shelf (40915),6,V0581,Senyum 2 Store
Viewing (34047),6,V0582,Senyum 2 Store
Viewing (34077),6,V0582,Senyum 2 Store
Viewing (34086),6,V0582,Senyum 2 Store
Viewing (34116),6,V0582,Senyum 2 Store
Viewing (34146),6,V0582,Senyum 2 Store
Viewing (34176),6,V0582,Senyum 2 Store
Viewing (34206),6,V0582,Senyum 2 Store
Viewing (34236),6,V0582,Senyum 2 Store
Viewing (34266),6,V0582,Senyum 2 Store
Viewing (34296),6,V0582,Senyum 2 Store
Viewing (34325),6,V0582,Senyum 2 Store
Viewing (34334),6,V0582,Senyum 2 Store
Viewing (34364),6,V0582,Senyum 2 Store
Viewing (34394),6,V0582,Senyum 2 Store
Viewing (34424),6,V0582,Senyum 2 Store
Viewing (34454),6,V0582,Senyum 2 Store
Viewing (34474),6,V0582,Senyum 2 Store
Viewing (34504),6,V0582,Senyum 2 Store
Viewing (34534),6,V0582,Senyum 2 Store
Viewing (34564),6,V0582,Senyum 2 Store
Viewing (34594),6,V0582,Senyum 2 Store
Viewing (34624),6,V0582,Senyum 2 Store
Viewing (34654),6,V0583,Senyum 2 Store
Viewing (34669),6,V0583,Senyum 2 Store
Viewing (34699),6,V0583,Senyum 2 Store
Viewing (34727),6,V0583,Senyum 2 Store
Viewing (34755),6,V0583,Senyum 2 Store
Viewing (34785),6,V0583,Senyum 2 Store
Viewing (34813),6,V0583,Senyum 2 Store
Viewing (34843),6,V0583,Senyum 2 Store
Viewing (34873),6,V0583,Senyum 2 Store
Viewing (34903),6,V0583,Senyum 2 Store
Viewing (34933),6,V0583,Senyum 2 Store
Viewing (34934),6,V0584,Senyum 2 Store
Viewing (34962),6,V0584,Senyum 2 Store
Viewing (34992),6,V0584,Senyum 2 Store
Viewing (35022),6,V0584,Senyum 2 Store
Viewing (35052),6,V0584,Senyum 2 Store
Viewing (35082),6,V0584,Senyum 2 Store
Viewing (35112),6,V0584,Senyum 2 Store
Viewing (35142),6,V0584,Senyum 2 Store
Viewing (35172),6,V0584,Senyum 2 Store
Viewing (35202),6,V0584,Senyum 2 Store
Viewing (35232),6,V0584,Senyum 2 Store
Viewing (35262),6,V0584,Senyum 2 Store
Viewing (35292),6,V0584,Senyum 2 Store
Viewing (35322),6,V0584,Senyum 2 Store
Viewing (35339),6,V0585,Senyum 2 Store
Viewing (35369),6,V0585,Senyum 2 Store
Viewing (35399),6,V0585,Senyum 2 Store
Viewing (35429),6,V0585,Senyum 2 Store
Viewing (35459),6,V0585,Senyum 2 Store
Viewing (35489),6,V0585,Senyum 2 Store
Viewing (35518),6,V0585,Senyum 2 Store
Viewing (35548),6,V0585,Senyum 2 Store
Viewing (35576),6,V0585,Senyum 2 Store
Viewing (35605),6,V0585,Senyum 2 Store
Viewing (35635),6,V0585,Senyum 2 Store
Viewing (35665),6,V0585,Senyum 2 Store
Viewing (35695),6,V0585,Senyum 2 Store
Viewing (35725),6,V0585,Senyum 2 Store
Viewing (35755),6,V0586,Senyum 2 Store
Viewing (35785),6,V0586,Senyum 2 Store
Viewing (35815),6,V0586,Senyum 2 Store
Viewing (35845),6,V0586,Senyum 2 Store
Viewing (35875),6,V0586,Senyum 2 Store
Viewing (35903),6,V0587,Senyum 2 Store
Viewing (35933),6,V0587,Senyum 2 Store
Viewing (35963),6,V0587,Senyum 2 Store
Viewing (35993),6,V0587,Senyum 2 Store
Viewing (36023),6,V0587,Senyum 2 Store
Viewing (36053),6,V0587,Senyum 2 Store
Viewing (36083),6,V0587,Senyum 2 Store
Viewing (36113),6,V0587,Senyum 2 Store
Viewing (36143),6,V0587,Senyum 2 Store
Viewing (36173),6,V0587,Senyum 2 Store
Viewing (36203),6,V0587,Senyum 2 Store
Viewing (36233),6,V0587,Senyum 2 Store
Viewing (36263),6,V0587,Senyum 2 Store
Viewing (36293),6,V0587,Senyum 2 Store
Viewing (36323),6,V0587,Senyum 2 Store
No Interest (31320),6,V0635,Senyum 3 Store
No Interest (31350),6,V0635,Senyum 3 Store
No Interest (31380),6,V0635,Senyum 3 Store
No Interest (31410),6,V0635,Senyum 3 Store
No Interest (31440),6,V0635,Senyum 3 Store
No Interest (31470),6,V0635,Senyum 3 Store
No Interest (31496),6,V0636,Senyum 3 Store
No Interest (31526),6,V0636,Senyum 3 Store
No Interest (31556),6,V0636,Senyum 3 Store
No Interest (31586),6,V0636,Senyum 3 Store
No Interest (31616),6,V0636,Senyum 3 Store
No Interest (31646),6,V0636,Senyum 3 Store
No Interest (31676),6,V0636,Senyum 3 Store
No Interest (31706),6,V0636,Senyum 3 Store
No Interest (31707),6,V0637,Senyum 3 Store
No Interest (31737),6,V0637,Senyum 3 Store
No Interest (31767),6,V0637,Senyum 3 Store
No Interest (31797),6,V0637,Senyum 3 Store
No Interest (31827),6,V0637,Senyum 3 Store
No Interest (31856),6,V0637,Senyum 3 Store
No Interest (31886),6,V0637,Senyum 3 Store
No Interest (31916),6,V0637,Senyum 3 Store
No Interest (31940),6,V0638,Senyum 3 Store
No Interest (31970),6,V0638,Senyum 3 Store
No Interest (32000),6,V0638,Senyum 3 Store
No Interest (32030),6,V0638,Senyum 3 Store
No Interest (32060),6,V0638,Senyum 3 Store
No Interest (32090),6,V0638,Senyum 3 Store
No Interest (32120),6,V0638,Senyum 3 Store
No Interest (32150),6,V0638,Senyum 3 Store
Picking and Putting (29944),6,V0639,Senyum 3 Store
Picking and Putting (29973),6,V0639,Senyum 3 Store
Picking and Putting (30000),6,V0639,Senyum 3 Store
Picking and Putting (30027),6,V0639,Senyum 3 Store
Picking and Putting (30056),6,V0639,Senyum 3 Store
Picking and Putting (30086),6,V0639,Senyum 3 Store
Picking and Putting (30115),6,V0639,Senyum 3 Store
Picking and Putting (30126),6,V0640,Senyum 3 Store
Picking and Putting (30156),6,V0640,Senyum 3 Store
Picking and Putting (30186),6,V0640,Senyum 3 Store
Picking and Putting (30214),6,V0640,Senyum 3 Store
Picking and Putting (30237),6,V0640,Senyum 3 Store
Picking and Putting (30265),6,V0640,Senyum 3 Store
Picking and Putting (30295),6,V0640,Senyum 3 Store
Picking and Putting (30325),6,V0640,Senyum 3 Store
Picking and Putting (30355),6,V0640,Senyum 3 Store
Picking and Putting (30385),6,V0640,Senyum 3 Store
Picking and Putting (30415),6,V0640,Senyum 3 Store
Picking and Putting (30445),6,V0640,Senyum 3 Store
Picking and Putting (30469),6,V0640,Senyum 3 Store
Picking and Putting (30499),6,V0640,Senyum 3 Store
Picking and Putting (30529),6,V0640,Senyum 3 Store
Picking and Putting (30545),6,V0641,Senyum 3 Store
Picking and Putting (30574),6,V0641,Senyum 3 Store
Picking and Putting (30604),6,V0641,Senyum 3 Store
Picking and Putting (30634),6,V0641,Senyum 3 Store
Picking and Putting (30664),6,V0641,Senyum 3 Store
Picking and Putting (30694),6,V0641,Senyum 3 Store
Picking and Putting (30724),6,V0641,Senyum 3 Store
Picking and Putting (30725),6,V0642,Senyum 3 Store
Picking and Putting (30755),6,V0642,Senyum 3 Store
Picking and Putting (30785),6,V0642,Senyum 3 Store
Picking and Putting (30815),6,V0642,Senyum 3 Store
Picking and Putting (30845),6,V0642,Senyum 3 Store
Picking and Putting (30875),6,V0642,Senyum 3 Store
Picking and Putting (30905),6,V0642,Senyum 3 Store
Picking and Putting (30935),6,V0642,Senyum 3 Store
Picking and Putting (30965),6,V0642,Senyum 3 Store
Picking and Putting (30989),6,V0643,Senyum 3 Store
Picking and Putting (31019),6,V0643,Senyum 3 Store
Picking and Putting (31049),6,V0643,Senyum 3 Store
Picking and Putting (31079),6,V0643,Senyum 3 Store
Picking and Putting (31109),6,V0643,Senyum 3 Store
Picking and Putting (31139),6,V0643,Senyum 3 Store
Picking and Putting (31169),6,V0643,Senyum 3 Store
Picking and Putting (31199),6,V0643,Senyum 3 Store
Picking and Putting (31206),6,V0644,Senyum 3 Store
Picking and Putting (31236),6,V0644,Senyum 3 Store
Picking and Putting (31266),6,V0644,Senyum 3 Store
Picking and Putting (31296),6,V0644,Senyum 3 Store
Picking and Putting (31326),6,V0644,Senyum 3 Store
Picking and Putting (31352),6,V0644,Senyum 3 Store
Picking and Putting (31382),6,V0644,Senyum 3 Store
Picking and Putting (31412),6,V0644,Senyum 3 Store
Picking and Putting (31442),6,V0644,Senyum 3 Store
Picking and Putting (31472),6,V0644,Senyum 3 Store
Picking and Putting (31500),6,V0644,Senyum 3 Store
Picking and Putting (31522),6,V0644,Senyum 3 Store
Picking and Putting (31551),6,V0644,Senyum 3 Store
Picking and Returning (46547),6,V0645,Senyum 3 Store
Picking and Returning (46577),6,V0645,Senyum 3 Store
Picking and Returning (46607),6,V0645,Senyum 3 Store
Picking and Returning (46637),6,V0645,Senyum 3 Store
Picking and Returning (46667),6,V0645,Senyum 3 Store
Picking and Returning (46697),6,V0645,Senyum 3 Store
Picking and Returning (46727),6,V0645,Senyum 3 Store
Picking and Returning (46757),6,V0645,Senyum 3 Store
Picking and Returning (46787),6,V0645,Senyum 3 Store
Picking and Returning (46817),6,V0645,Senyum 3 Store
Picking and Returning (46847),6,V0645,Senyum 3 Store
Picking and Returning (46877),6,V0645,Senyum 3 Store
Picking and Returning (46907),6,V0645,Senyum 3 Store
Picking and Returning (46937),6,V0645,Senyum 3 Store
Picking and Returning (46967),6,V0645,Senyum 3 Store
Picking and Returning (46997),6,V0645,Senyum 3 Store
Picking and Returning (47027),6,V0645,Senyum 3 Store
Picking and Returning (47057),6,V0645,Senyum 3 Store
Picking and Returning (47082),6,V0646,Senyum 3 Store
Picking and Returning (47112),6,V0646,Senyum 3 Store
Picking and Returning (28909),6,V0646,Senyum 3 Store
Picking and Returning (47171),6,V0646,Senyum 3 Store
Picking and Returning (47201),6,V0646,Senyum 3 Store
Picking and Returning (47231),6,V0646,Senyum 3 Store
Picking and Returning (47261),6,V0646,Senyum 3 Store
Picking and Returning (28912),6,V0646,Senyum 3 Store
Picking and Returning (28942),6,V0646,Senyum 3 Store
Picking and Returning (47316),6,V0646,Senyum 3 Store
Picking and Returning (47344),6,V0646,Senyum 3 Store
Picking and Returning (47374),6,V0646,Senyum 3 Store
Picking and Returning (47404),6,V0646,Senyum 3 Store
Picking and Returning (47434),6,V0646,Senyum 3 Store
Picking and Returning (47464),6,V0646,Senyum 3 Store
Picking and Returning (47494),6,V0646,Senyum 3 Store
Picking and Returning (47523),6,V0646,Senyum 3 Store
Picking and Returning (47552),6,V0646,Senyum 3 Store
Picking and Returning (47582),6,V0646,Senyum 3 Store
Picking and Returning (47612),6,V0646,Senyum 3 Store
Picking and Returning (47633),6,V0647,Senyum 3 Store
Picking and Returning (47663),6,V0647,Senyum 3 Store
Picking and Returning (47693),6,V0647,Senyum 3 Store
Picking and Returning (47723),6,V0647,Senyum 3 Store
Picking and Returning (47753),6,V0647,Senyum 3 Store
Picking and Returning (47783),6,V0647,Senyum 3 Store
Picking and Returning (47813),6,V0647,Senyum 3 Store
Picking and Returning (47843),6,V0647,Senyum 3 Store
Picking and Returning (47873),6,V0647,Senyum 3 Store
Picking and Returning (47903),6,V0647,Senyum 3 Store
Picking and Returning (47933),6,V0647,Senyum 3 Store
Picking and Returning (47963),6,V0647,Senyum 3 Store
Picking and Returning (47993),6,V0647,Senyum 3 Store
Picking and Returning (47995),6,V0648,Senyum 3 Store
Picking and Returning (48025),6,V0648,Senyum 3 Store
Picking and Returning (48055),6,V0648,Senyum 3 Store
Picking and Returning (28954),6,V0648,Senyum 3 Store
Picking and Returning (48111),6,V0648,Senyum 3 Store
Picking and Returning (48141),6,V0648,Senyum 3 Store
Picking and Returning (48171),6,V0648,Senyum 3 Store
Picking and Returning (48201),6,V0648,Senyum 3 Store
Picking and Returning (48231),6,V0648,Senyum 3 Store
Picking and Returning (48261),6,V0648,Senyum 3 Store
Picking and Returning (48291),6,V0648,Senyum 3 Store
Touching (45484),6,V0650,Senyum 3 Store
Touching (45514),6,V0650,Senyum 3 Store
Touching (45521),6,V0651,Senyum 3 Store
Touching (45551),6,V0651,Senyum 3 Store
Touching (45581),6,V0651,Senyum 3 Store
Touching (45611),6,V0651,Senyum 3 Store
Touching (45641),6,V0651,Senyum 3 Store
Touching (45671),6,V0651,Senyum 3 Store
Touching (45701),6,V0651,Senyum 3 Store
Touching (45731),6,V0651,Senyum 3 Store
Touching (45761),6,V0651,Senyum 3 Store
Touching (45791),6,V0651,Senyum 3 Store
Touching (45821),6,V0651,Senyum 3 Store
Touching (45851),6,V0651,Senyum 3 Store
Touching (29514),6,V0651,Senyum 3 Store
Touching (29543),6,V0651,Senyum 3 Store
Touching (45870),6,V0652,Senyum 3 Store
Touching (45900),6,V0652,Senyum 3 Store
Touching (45930),6,V0652,Senyum 3 Store
Touching (45960),6,V0652,Senyum 3 Store
Touching (45990),6,V0652,Senyum 3 Store
Touching (46020),6,V0652,Senyum 3 Store
Touching (46050),6,V0652,Senyum 3 Store
Touching (46080),6,V0652,Senyum 3 Store
Touching (46110),6,V0652,Senyum 3 Store
Touching (46140),6,V0652,Senyum 3 Store
Touching (46170),6,V0652,Senyum 3 Store
Touching (46200),6,V0652,Senyum 3 Store
Touching (46229),6,V0652,Senyum 3 Store
Touching (46259),6,V0652,Senyum 3 Store
Touching (46289),6,V0652,Senyum 3 Store
Touching (46319),6,V0652,Senyum 3 Store
Touching (46349),6,V0652,Senyum 3 Store
Touching (46379),6,V0652,Senyum 3 Store
Touching (46409),6,V0652,Senyum 3 Store
Touching (46439),6,V0652,Senyum 3 Store
Touching (46469),6,V0652,Senyum 3 Store
Touching (46499),6,V0652,Senyum 3 Store
Touching (46529),6,V0652,Senyum 3 Store
Touching (46538),6,V0653,Senyum 3 Store
Touching (46567),6,V0653,Senyum 3 Store
Touching (46597),6,V0653,Senyum 3 Store
Touching (46627),6,V0653,Senyum 3 Store
Touching (46654),6,V0653,Senyum 3 Store
Touching (46684),6,V0653,Senyum 3 Store
Touching (46714),6,V0653,Senyum 3 Store
Touching (46744),6,V0653,Senyum 3 Store
Touching (46774),6,V0653,Senyum 3 Store
Touching (46804),6,V0653,Senyum 3 Store
Touching (46831),6,V0654,Senyum 3 Store
Touching (46861),6,V0654,Senyum 3 Store
Touching (46891),6,V0654,Senyum 3 Store
Turning To Shelf (44151),6,V0655,Senyum 3 Store
Turning To Shelf (44181),6,V0655,Senyum 3 Store
Turning To Shelf (44211),6,V0655,Senyum 3 Store
Turning To Shelf (44241),6,V0655,Senyum 3 Store
Turning To Shelf (44271),6,V0655,Senyum 3 Store
Turning To Shelf (44301),6,V0655,Senyum 3 Store
Turning To Shelf (44331),6,V0655,Senyum 3 Store
Turning To Shelf (44361),6,V0655,Senyum 3 Store
Turning To Shelf (44391),6,V0655,Senyum 3 Store
Turning To Shelf (44421),6,V0655,Senyum 3 Store
Turning To Shelf (44451),6,V0655,Senyum 3 Store
Turning To Shelf (44481),6,V0655,Senyum 3 Store
Turning To Shelf (44511),6,V0655,Senyum 3 Store
Turning To Shelf (44541),6,V0655,Senyum 3 Store
Turning To Shelf (44571),6,V0655,Senyum 3 Store
Turning To Shelf (44601),6,V0655,Senyum 3 Store
Turning To Shelf (44631),6,V0655,Senyum 3 Store
Turning To Shelf (44661),6,V0655,Senyum 3 Store
Turning To Shelf (44682),6,V0656,Senyum 3 Store
Turning To Shelf (44712),6,V0656,Senyum 3 Store
Turning To Shelf (44742),6,V0656,Senyum 3 Store
Turning To Shelf (44772),6,V0656,Senyum 3 Store
Turning To Shelf (44802),6,V0656,Senyum 3 Store
Turning To Shelf (44832),6,V0656,Senyum 3 Store
Turning To Shelf (44862),6,V0656,Senyum 3 Store
Turning To Shelf (44892),6,V0656,Senyum 3 Store
Turning To Shelf (44922),6,V0656,Senyum 3 Store
Turning To Shelf (44952),6,V0656,Senyum 3 Store
Turning To Shelf (44982),6,V0656,Senyum 3 Store
Turning To Shelf (45012),6,V0656,Senyum 3 Store
Turning To Shelf (45042),6,V0656,Senyum 3 Store
Turning To Shelf (45072),6,V0656,Senyum 3 Store
Turning To Shelf (45102),6,V0656,Senyum 3 Store
Turning To Shelf (45104),6,V0657,Senyum 3 Store
Turning To Shelf (45134),6,V0657,Senyum 3 Store
Turning To Shelf (45163),6,V0657,Senyum 3 Store
Turning To Shelf (45193),6,V0657,Senyum 3 Store
Turning To Shelf (45221),6,V0657,Senyum 3 Store
Turning To Shelf (45251),6,V0657,Senyum 3 Store
Turning To Shelf (45281),6,V0657,Senyum 3 Store
Turning To Shelf (30778),6,V0657,Senyum 3 Store
Turning To Shelf (45339),6,V0657,Senyum 3 Store
Turning To Shelf (45356),6,V0658,Senyum 3 Store
Turning To Shelf (45386),6,V0658,Senyum 3 Store
Turning To Shelf (45416),6,V0658,Senyum 3 Store
Turning To Shelf (45446),6,V0658,Senyum 3 Store
Turning To Shelf (45475),6,V0659,Senyum 3 Store
Turning To Shelf (45505),6,V0659,Senyum 3 Store
Turning To Shelf (45535),6,V0659,Senyum 3 Store
Turning To Shelf (45565),6,V0659,Senyum 3 Store
Turning To Shelf (45595),6,V0659,Senyum 3 Store
Turning To Shelf (45625),6,V0659,Senyum 3 Store
Turning To Shelf (45655),6,V0659,Senyum 3 Store
Turning To Shelf (45675),6,V0660,Senyum 3 Store
Turning To Shelf (45705),6,V0660,Senyum 3 Store
Turning To Shelf (45735),6,V0660,Senyum 3 Store
Viewing (38132),6,V0661,Senyum 3 Store
Viewing (38162),6,V0661,Senyum 3 Store
Viewing (38192),6,V0661,Senyum 3 Store
Viewing (38222),6,V0661,Senyum 3 Store
Viewing (38251),6,V0661,Senyum 3 Store
Viewing (38281),6,V0661,Senyum 3 Store
Viewing (38311),6,V0661,Senyum 3 Store
Viewing (28381),6,V0661,Senyum 3 Store
Viewing (38333),6,V0661,Senyum 3 Store
Viewing (38363),6,V0661,Senyum 3 Store
Viewing (38393),6,V0661,Senyum 3 Store
Viewing (38423),6,V0661,Senyum 3 Store
Viewing (38453),6,V0661,Senyum 3 Store
Viewing (38483),6,V0661,Senyum 3 Store
Viewing (38513),6,V0661,Senyum 3 Store
Viewing (38538),6,V0661,Senyum 3 Store
Viewing (38556),6,V0661,Senyum 3 Store
Viewing (38576),6,V0662,Senyum 3 Store
Viewing (38606),6,V0662,Senyum 3 Store
Viewing (38636),6,V0662,Senyum 3 Store
Viewing (41987),6,V0662,Senyum 3 Store
Viewing (38695),6,V0662,Senyum 3 Store
Viewing (38725),6,V0662,Senyum 3 Store
Viewing (38755),6,V0662,Senyum 3 Store
Viewing (38785),6,V0662,Senyum 3 Store
Viewing (38815),6,V0662,Senyum 3 Store
Viewing (38845),6,V0662,Senyum 3 Store
Viewing (38875),6,V0662,Senyum 3 Store
Viewing (38905),6,V0662,Senyum 3 Store
Viewing (38919),6,V0663,Senyum 3 Store
Viewing (38949),6,V0663,Senyum 3 Store
Viewing (38977),6,V0663,Senyum 3 Store
Viewing (39007),6,V0663,Senyum 3 Store
Viewing (39037),6,V0663,Senyum 3 Store
Viewing (39065),6,V0663,Senyum 3 Store
Viewing (39095),6,V0663,Senyum 3 Store
Viewing (39125),6,V0663,Senyum 3 Store
Viewing (39155),6,V0663,Senyum 3 Store
Viewing (39185),6,V0663,Senyum 3 Store
Viewing (39215),6,V0663,Senyum 3 Store
Viewing (28413),6,V0663,Senyum 3 Store
Viewing (39256),6,V0663,Senyum 3 Store
Viewing (39284),6,V0663,Senyum 3 Store
Viewing (39308),6,V0663,Senyum 3 Store
Viewing (39317),6,V0664,Senyum 3 Store
Viewing (39347),6,V0664,Senyum 3 Store
Viewing (39377),6,V0664,Senyum 3 Store
Viewing (39407),6,V0664,Senyum 3 Store
Viewing (39437),6,V0664,Senyum 3 Store
Viewing (39467),6,V0664,Senyum 3 Store
Viewing (39497),6,V0664,Senyum 3 Store
Viewing (39527),6,V0664,Senyum 3 Store
Viewing (39557),6,V0664,Senyum 3 Store
Viewing (39587),6,V0664,Senyum 3 Store
Viewing (39617),6,V0664,Senyum 3 Store
Viewing (39647),6,V0664,Senyum 3 Store
Viewing (28439),6,V0665,Senyum 3 Store
Viewing (28469),6,V0665,Senyum 3 Store
Viewing (39667),6,V0665,Senyum 3 Store
Viewing (39697),6,V0665,Senyum 3 Store
Viewing (39727),6,V0665,Senyum 3 Store
Viewing (39756),6,V0665,Senyum 3 Store
Viewing (39786),6,V0665,Senyum 3 Store
Viewing (39812),6,V0665,Senyum 3 Store
Viewing (39841),6,V0665,Senyum 3 Store
Viewing (39870),6,V0665,Senyum 3 Store
Viewing (39897),6,V0665,Senyum 3 Store
Viewing (39927),6,V0665,Senyum 3 Store
Viewing (39957),6,V0665,Senyum 3 Store
Viewing (39987),6,V0665,Senyum 3 Store
Viewing (40017),6,V0665,Senyum 3 Store
Viewing (40047),6,V0665,Senyum 3 Store
No Interest (43392),11,V0811,KPRI Sumatera
No Interest (43422),11,V0811,KPRI Sumatera
No Interest (43452),11,V0811,KPRI Sumatera
No Interest (43482),11,V0811,KPRI Sumatera
No Interest (43512),11,V0811,KPRI Sumatera
No Interest (43542),11,V0811,KPRI Sumatera
No Interest (43572),11,V0811,KPRI Sumatera
No Interest (43589),11,V0812,KPRI Sumatera
No Interest (43619),11,V0812,KPRI Sumatera
No Interest (43649),11,V0812,KPRI Sumatera
No Interest (43679),11,V0812,KPRI Sumatera
No Interest (43709),11,V0812,KPRI Sumatera
No Interest (43739),11,V0812,KPRI Sumatera
No Interest (43769),11,V0812,KPRI Sumatera
No Interest (43799),11,V0812,KPRI Sumatera
No Interest (43829),11,V0812,KPRI Sumatera
No Interest (43859),11,V0812,KPRI Sumatera
Picking and Returning (63447),11,V0815,KPRI Sumatera
Picking and Returning (63477),11,V0815,KPRI Sumatera
Picking and Returning (63507),11,V0815,KPRI Sumatera
Picking and Returning (63537),11,V0815,KPRI Sumatera
Picking and Returning (63567),11,V0815,KPRI Sumatera
Picking and Returning (63597),11,V0815,KPRI Sumatera
Picking and Returning (63627),11,V0815,KPRI Sumatera
Picking and Returning (63657),11,V0815,KPRI Sumatera
Picking and Returning (63687),11,V0815,KPRI Sumatera
Picking and Returning (63717),11,V0815,KPRI Sumatera
Picking and Returning (63747),11,V0815,KPRI Sumatera
Picking and Returning (63777),11,V0815,KPRI Sumatera
Picking and Returning (63807),11,V0815,KPRI Sumatera
Picking and Returning (63837),11,V0815,KPRI Sumatera
Picking and Returning (63867),11,V0815,KPRI Sumatera
Picking and Returning (63897),11,V0815,KPRI Sumatera
Picking and Returning (63927),11,V0815,KPRI Sumatera
Picking and Returning (63957),11,V0815,KPRI Sumatera
Picking and Returning (63987),11,V0815,KPRI Sumatera
Picking and Returning (64017),11,V0815,KPRI Sumatera
Picking and Returning (64047),11,V0815,KPRI Sumatera
Picking and Returning (64077),11,V0815,KPRI Sumatera
Picking and Returning (64107),11,V0815,KPRI Sumatera
Picking and Returning (64137),11,V0815,KPRI Sumatera
Picking and Returning (64167),11,V0815,KPRI Sumatera
Picking and Returning (64197),11,V0815,KPRI Sumatera
Picking and Returning (64227),11,V0815,KPRI Sumatera
Picking and Returning (64257),11,V0815,KPRI Sumatera
Picking and Returning (64287),11,V0815,KPRI Sumatera
Picking and Returning (64317),11,V0815,KPRI Sumatera
Picking and Returning (64347),11,V0815,KPRI Sumatera
Picking and Returning (64377),11,V0815,KPRI Sumatera
Picking and Returning (64407),11,V0815,KPRI Sumatera
Picking and Returning (64437),11,V0815,KPRI Sumatera
Picking and Returning (64467),11,V0815,KPRI Sumatera
Picking and Returning (64497),11,V0815,KPRI Sumatera
Picking and Returning (64527),11,V0815,KPRI Sumatera
Picking and Returning (64557),11,V0815,KPRI Sumatera
Picking and Returning (64587),11,V0815,KPRI Sumatera
Picking and Returning (64617),11,V0815,KPRI Sumatera
Picking and Returning (64647),11,V0815,KPRI Sumatera
Picking and Returning (64677),11,V0815,KPRI Sumatera
Picking and Returning (64707),11,V0815,KPRI Sumatera
Picking and Returning (64737),11,V0815,KPRI Sumatera
Picking and Returning (64767),11,V0815,KPRI Sumatera
Picking and Returning (64797),11,V0815,KPRI Sumatera
Picking and Returning (64827),11,V0815,KPRI Sumatera
Picking and Returning (64857),11,V0815,KPRI Sumatera
Picking and Returning (64887),11,V0815,KPRI Sumatera
Picking and Returning (64917),11,V0815,KPRI Sumatera
Picking and Returning (64947),11,V0815,KPRI Sumatera
Picking and Returning (64977),11,V0815,KPRI Sumatera
Picking and Returning (65007),11,V0815,KPRI Sumatera
Picking and Returning (65037),11,V0815,KPRI Sumatera
Picking and Returning (65067),11,V0815,KPRI Sumatera
Picking and Returning (65097),11,V0815,KPRI Sumatera
Picking and Returning (65127),11,V0815,KPRI Sumatera
Picking and Returning (65157),11,V0815,KPRI Sumatera
Picking and Returning (65187),11,V0815,KPRI Sumatera
Picking and Returning (65217),11,V0815,KPRI Sumatera
Picking and Returning (65247),11,V0815,KPRI Sumatera
Picking and Returning (65277),11,V0815,KPRI Sumatera
Picking and Returning (65307),11,V0815,KPRI Sumatera
Picking and Returning (65337),11,V0815,KPRI Sumatera
Picking and Returning (65367),11,V0815,KPRI Sumatera
Picking and Returning (65397),11,V0815,KPRI Sumatera
Picking and Returning (65427),11,V0815,KPRI Sumatera
Picking and Returning (65457),11,V0815,KPRI Sumatera
Picking and Returning (65487),11,V0815,KPRI Sumatera
Picking and Returning (65517),11,V0815,KPRI Sumatera
Picking and Returning (65547),11,V0815,KPRI Sumatera
Picking and Returning (65577),11,V0815,KPRI Sumatera
Picking and Returning (65607),11,V0815,KPRI Sumatera
Picking and Returning (65637),11,V0815,KPRI Sumatera
Picking and Returning (65667),11,V0815,KPRI Sumatera
Picking and Returning (65697),11,V0815,KPRI Sumatera
Picking and Returning (65727),11,V0815,KPRI Sumatera
Picking and Returning (65757),11,V0815,KPRI Sumatera
Picking and Returning (65787),11,V0815,KPRI Sumatera
Picking and Returning (65817),11,V0815,KPRI Sumatera
Picking and Returning (65847),11,V0815,KPRI Sumatera
Picking and Returning (65877),11,V0815,KPRI Sumatera
Picking and Returning (65907),11,V0815,KPRI Sumatera
Touching (59035),11,V0816,KPRI Sumatera
Touching (59065),11,V0816,KPRI Sumatera
Touching (59095),11,V0816,KPRI Sumatera
Touching (59125),11,V0816,KPRI Sumatera
Touching (59155),11,V0816,KPRI Sumatera
Touching (59185),11,V0816,KPRI Sumatera
Touching (59215),11,V0816,KPRI Sumatera
Touching (59245),11,V0816,KPRI Sumatera
Touching (59275),11,V0816,KPRI Sumatera
Touching (59305),11,V0816,KPRI Sumatera
Touching (59335),11,V0816,KPRI Sumatera
Touching (59365),11,V0816,KPRI Sumatera
Touching (59395),11,V0816,KPRI Sumatera
Touching (59425),11,V0816,KPRI Sumatera
Touching (59455),11,V0816,KPRI Sumatera
Touching (59485),11,V0816,KPRI Sumatera
Touching (59515),11,V0816,KPRI Sumatera
Touching (59545),11,V0816,KPRI Sumatera
Touching (59575),11,V0816,KPRI Sumatera
Touching (59605),11,V0816,KPRI Sumatera
Touching (59635),11,V0816,KPRI Sumatera
Touching (59665),11,V0816,KPRI Sumatera
Touching (59695),11,V0816,KPRI Sumatera
Touching (59725),11,V0816,KPRI Sumatera
Touching (59755),11,V0816,KPRI Sumatera
Touching (59785),11,V0816,KPRI Sumatera
Touching (59815),11,V0816,KPRI Sumatera
Touching (59845),11,V0816,KPRI Sumatera
Touching (59875),11,V0816,KPRI Sumatera
Touching (59905),11,V0816,KPRI Sumatera
Touching (59935),11,V0816,KPRI Sumatera
Touching (59965),11,V0816,KPRI Sumatera
Touching (59995),11,V0816,KPRI Sumatera
Touching (60025),11,V0816,KPRI Sumatera
Touching (60055),11,V0816,KPRI Sumatera
Touching (60085),11,V0816,KPRI Sumatera
Touching (60115),11,V0816,KPRI Sumatera
Touching (60145),11,V0816,KPRI Sumatera
Touching (60175),11,V0816,KPRI Sumatera
Touching (60205),11,V0816,KPRI Sumatera
Touching (60235),11,V0816,KPRI Sumatera
Touching (60265),11,V0816,KPRI Sumatera
Touching (60295),11,V0816,KPRI Sumatera
Touching (60325),11,V0816,KPRI Sumatera
Touching (60355),11,V0816,KPRI Sumatera
Touching (60385),11,V0816,KPRI Sumatera
Touching (60415),11,V0816,KPRI Sumatera
Touching (60445),11,V0816,KPRI Sumatera
Turning To Shelf (56024),11,V0817,KPRI Sumatera
Turning To Shelf (56054),11,V0817,KPRI Sumatera
Turning To Shelf (56084),11,V0817,KPRI Sumatera
Turning To Shelf (56114),11,V0817,KPRI Sumatera
Turning To Shelf (56144),11,V0817,KPRI Sumatera
Turning To Shelf (56174),11,V0817,KPRI Sumatera
Turning To Shelf (56204),11,V0817,KPRI Sumatera
Turning To Shelf (56234),11,V0817,KPRI Sumatera
Turning To Shelf (56264),11,V0817,KPRI Sumatera
Turning To Shelf (56294),11,V0817,KPRI Sumatera
Turning To Shelf (56324),11,V0817,KPRI Sumatera
Turning To Shelf (56354),11,V0817,KPRI Sumatera
Turning To Shelf (56384),11,V0817,KPRI Sumatera
Turning To Shelf (56414),11,V0817,KPRI Sumatera
Turning To Shelf (56444),11,V0817,KPRI Sumatera
Turning To Shelf (56474),11,V0817,KPRI Sumatera
Turning To Shelf (56504),11,V0817,KPRI Sumatera
Turning To Shelf (56534),11,V0817,KPRI Sumatera
Turning To Shelf (56564),11,V0817,KPRI Sumatera
Turning To Shelf (56594),11,V0817,KPRI Sumatera
Turning To Shelf (56624),11,V0817,KPRI Sumatera
Turning To Shelf (56654),11,V0817,KPRI Sumatera
Turning To Shelf (56684),11,V0817,KPRI Sumatera
Turning To Shelf (56714),11,V0817,KPRI Sumatera
Turning To Shelf (56744),11,V0817,KPRI Sumatera
Turning To Shelf (56774),11,V0817,KPRI Sumatera
Turning To Shelf (56804),11,V0817,KPRI Sumatera
Turning To Shelf (56834),11,V0817,KPRI Sumatera
Turning To Shelf (56864),11,V0817,KPRI Sumatera
Turning To Shelf (56894),11,V0817,KPRI Sumatera
Turning To Shelf (56924),11,V0817,KPRI Sumatera
Turning To Shelf (56954),11,V0817,KPRI Sumatera
Turning To Shelf (56984),11,V0817,KPRI Sumatera
Turning To Shelf (57014),11,V0817,KPRI Sumatera
Turning To Shelf (57044),11,V0817,KPRI Sumatera
Turning To Shelf (57074),11,V0817,KPRI Sumatera
Turning To Shelf (57104),11,V0817,KPRI Sumatera
Turning To Shelf (57134),11,V0817,KPRI Sumatera
Turning To Shelf (57164),11,V0817,KPRI Sumatera
Turning To Shelf (57194),11,V0817,KPRI Sumatera
Turning To Shelf (57224),11,V0817,KPRI Sumatera
Turning To Shelf (57254),11,V0817,KPRI Sumatera
Viewing (52033),11,V0818,KPRI Sumatera
Viewing (52063),11,V0818,KPRI Sumatera
Viewing (52093),11,V0818,KPRI Sumatera
Viewing (52123),11,V0818,KPRI Sumatera
Viewing (52153),11,V0818,KPRI Sumatera
Viewing (52183),11,V0818,KPRI Sumatera
Viewing (52213),11,V0818,KPRI Sumatera
Viewing (52222),11,V0819,KPRI Sumatera
Viewing (52252),11,V0819,KPRI Sumatera
Viewing (52282),11,V0819,KPRI Sumatera
Viewing (52312),11,V0819,KPRI Sumatera
Viewing (52342),11,V0819,KPRI Sumatera
Viewing (52372),11,V0819,KPRI Sumatera
Viewing (52402),11,V0819,KPRI Sumatera
Viewing (52432),11,V0819,KPRI Sumatera
Viewing (52462),11,V0819,KPRI Sumatera
Viewing (52492),11,V0819,KPRI Sumatera
Viewing (52522),11,V0819,KPRI Sumatera
Viewing (52552),11,V0819,KPRI Sumatera
Viewing (52582),11,V0819,KPRI Sumatera
Viewing (52612),11,V0819,KPRI Sumatera
Viewing (52642),11,V0819,KPRI Sumatera
Viewing (52672),11,V0819,KPRI Sumatera
Viewing (52702),11,V0819,KPRI Sumatera
No Interest (41897),12,V0791,UNEJ Mart
No Interest (41927),12,V0791,UNEJ Mart
No Interest (41957),12,V0791,UNEJ Mart
No Interest (41987),12,V0791,UNEJ Mart
No Interest (42017),12,V0791,UNEJ Mart
No Interest (42047),12,V0791,UNEJ Mart
No Interest (42077),12,V0791,UNEJ Mart
No Interest (42107),12,V0791,UNEJ Mart
No Interest (42137),12,V0791,UNEJ Mart
No Interest (42167),12,V0791,UNEJ Mart
No Interest (42197),12,V0791,UNEJ Mart
No Interest (42227),12,V0791,UNEJ Mart
No Interest (42257),12,V0791,UNEJ Mart
No Interest (42287),12,V0791,UNEJ Mart
No Interest (42317),12,V0791,UNEJ Mart
No Interest (42347),12,V0791,UNEJ Mart
No Interest (42377),12,V0791,UNEJ Mart
No Interest (42407),12,V0791,UNEJ Mart
No Interest (42437),12,V0791,UNEJ Mart
No Interest (42467),12,V0791,UNEJ Mart
No Interest (42497),12,V0791,UNEJ Mart
No Interest (42527),12,V0791,UNEJ Mart
No Interest (42557),12,V0791,UNEJ Mart
No Interest (42587),12,V0791,UNEJ Mart
No Interest (42617),12,V0791,UNEJ Mart
No Interest (42647),12,V0791,UNEJ Mart
No Interest (42677),12,V0791,UNEJ Mart
No Interest (42707),12,V0791,UNEJ Mart
No Interest (42737),12,V0791,UNEJ Mart
No Interest (42767),12,V0791,UNEJ Mart
No Interest (42797),12,V0791,UNEJ Mart
No Interest (42827),12,V0791,UNEJ Mart
Picking and Putting (37591),12,V0792,UNEJ Mart
Picking and Putting (37621),12,V0792,UNEJ Mart
Picking and Putting (37651),12,V0792,UNEJ Mart
Picking and Putting (37681),12,V0792,UNEJ Mart
Picking and Putting (37711),12,V0792,UNEJ Mart
Picking and Putting (37741),12,V0792,UNEJ Mart
Picking and Putting (37771),12,V0792,UNEJ Mart
Picking and Putting (37801),12,V0792,UNEJ Mart
Picking and Putting (37835),12,V0794,UNEJ Mart
Picking and Putting (37837),12,V0795,UNEJ Mart
Picking and Putting (37867),12,V0795,UNEJ Mart
Picking and Putting (37869),12,V0796,UNEJ Mart
Picking and Putting (37899),12,V0796,UNEJ Mart
Picking and Putting (37929),12,V0796,UNEJ Mart
Picking and Putting (37959),12,V0796,UNEJ Mart
Picking and Putting (37989),12,V0796,UNEJ Mart
Picking and Putting (38019),12,V0796,UNEJ Mart
Picking and Putting (38049),12,V0796,UNEJ Mart
Picking and Returning (58607),12,V0797,UNEJ Mart
Picking and Returning (58637),12,V0797,UNEJ Mart
Picking and Returning (58667),12,V0797,UNEJ Mart
Picking and Returning (58697),12,V0797,UNEJ Mart
Picking and Returning (58727),12,V0797,UNEJ Mart
Picking and Returning (58757),12,V0797,UNEJ Mart
Picking and Returning (58787),12,V0797,UNEJ Mart
Picking and Returning (58817),12,V0797,UNEJ Mart
Picking and Returning (58847),12,V0797,UNEJ Mart
Picking and Returning (58877),12,V0797,UNEJ Mart
Picking and Returning (58907),12,V0797,UNEJ Mart
Picking and Returning (58937),12,V0797,UNEJ Mart
Picking and Returning (58967),12,V0797,UNEJ Mart
Picking and Returning (58997),12,V0797,UNEJ Mart
Picking and Returning (59027),12,V0797,UNEJ Mart
Picking and Returning (59057),12,V0797,UNEJ Mart
Picking and Returning (59087),12,V0797,UNEJ Mart
Picking and Returning (59117),12,V0797,UNEJ Mart
Picking and Returning (59147),12,V0797,UNEJ Mart
Picking and Returning (59177),12,V0797,UNEJ Mart
Picking and Returning (59207),12,V0797,UNEJ Mart
Picking and Returning (59237),12,V0797,UNEJ Mart
Picking and Returning (59267),12,V0797,UNEJ Mart
Picking and Returning (59297),12,V0797,UNEJ Mart
Picking and Returning (59327),12,V0797,UNEJ Mart
Picking and Returning (59357),12,V0797,UNEJ Mart
Picking and Returning (59387),12,V0797,UNEJ Mart
Picking and Returning (59417),12,V0797,UNEJ Mart
Picking and Returning (59447),12,V0797,UNEJ Mart
Picking and Returning (59477),12,V0797,UNEJ Mart
Picking and Returning (59507),12,V0797,UNEJ Mart
Picking and Returning (59537),12,V0797,UNEJ Mart
Picking and Returning (59567),12,V0797,UNEJ Mart
Picking and Returning (59597),12,V0797,UNEJ Mart
Picking and Returning (59627),12,V0797,UNEJ Mart
Picking and Returning (59657),12,V0797,UNEJ Mart
Picking and Returning (59687),12,V0797,UNEJ Mart
Picking and Returning (59717),12,V0797,UNEJ Mart
Picking and Returning (59747),12,V0797,UNEJ Mart
Picking and Returning (59777),12,V0797,UNEJ Mart
Picking and Returning (59807),12,V0797,UNEJ Mart
Picking and Returning (59837),12,V0797,UNEJ Mart
Picking and Returning (59867),12,V0797,UNEJ Mart
Picking and Returning (59897),12,V0797,UNEJ Mart
Picking and Returning (59927),12,V0797,UNEJ Mart
Picking and Returning (59957),12,V0797,UNEJ Mart
Picking and Returning (59987),12,V0797,UNEJ Mart
Picking and Returning (60017),12,V0797,UNEJ Mart
Picking and Returning (60047),12,V0797,UNEJ Mart
Picking and Returning (60077),12,V0797,UNEJ Mart
Picking and Returning (60107),12,V0797,UNEJ Mart
Picking and Returning (60137),12,V0797,UNEJ Mart
Picking and Returning (60167),12,V0797,UNEJ Mart
Picking and Returning (60197),12,V0797,UNEJ Mart
Picking and Returning (60227),12,V0797,UNEJ Mart
Picking and Returning (60257),12,V0797,UNEJ Mart
Picking and Returning (60287),12,V0797,UNEJ Mart
Picking and Returning (60317),12,V0797,UNEJ Mart
Picking and Returning (60347),12,V0797,UNEJ Mart
Picking and Returning (60377),12,V0797,UNEJ Mart
Picking and Returning (60407),12,V0797,UNEJ Mart
Picking and Returning (60437),12,V0797,UNEJ Mart
Picking and Returning (60467),12,V0797,UNEJ Mart
Picking and Returning (60497),12,V0797,UNEJ Mart
Picking and Returning (60527),12,V0797,UNEJ Mart
Picking and Returning (60557),12,V0797,UNEJ Mart
Picking and Returning (60587),12,V0797,UNEJ Mart
Picking and Returning (60617),12,V0797,UNEJ Mart
Picking and Returning (60647),12,V0797,UNEJ Mart
Picking and Returning (60677),12,V0797,UNEJ Mart
Picking and Returning (60707),12,V0797,UNEJ Mart
Picking and Returning (60737),12,V0797,UNEJ Mart
Picking and Returning (60767),12,V0797,UNEJ Mart
Picking and Returning (60797),12,V0797,UNEJ Mart
Picking and Returning (60827),12,V0797,UNEJ Mart
Picking and Returning (60857),12,V0797,UNEJ Mart
Picking and Returning (60887),12,V0797,UNEJ Mart
Picking and Returning (60917),12,V0797,UNEJ Mart
Picking and Returning (60947),12,V0797,UNEJ Mart
Picking and Returning (60977),12,V0797,UNEJ Mart
Picking and Returning (61007),12,V0797,UNEJ Mart
Picking and Returning (61037),12,V0797,UNEJ Mart
Picking and Returning (61067),12,V0797,UNEJ Mart
Picking and Returning (61097),12,V0797,UNEJ Mart
Picking and Returning (61127),12,V0797,UNEJ Mart
Picking and Returning (61157),12,V0797,UNEJ Mart
Picking and Returning (61187),12,V0797,UNEJ Mart
Picking and Returning (61217),12,V0797,UNEJ Mart
Picking and Returning (61247),12,V0797,UNEJ Mart
Picking and Returning (61277),12,V0797,UNEJ Mart
Picking and Returning (61307),12,V0797,UNEJ Mart
Picking and Returning (61337),12,V0797,UNEJ Mart
Picking and Returning (61367),12,V0797,UNEJ Mart
Picking and Returning (61397),12,V0797,UNEJ Mart
Touching (56589),12,V0798,UNEJ Mart
Touching (56619),12,V0798,UNEJ Mart
Touching (56649),12,V0798,UNEJ Mart
Turning To Shelf (54575),12,V0799,UNEJ Mart
Turning To Shelf (54605),12,V0799,UNEJ Mart
Turning To Shelf (54635),12,V0799,UNEJ Mart
Turning To Shelf (54665),12,V0799,UNEJ Mart
Turning To Shelf (54695),12,V0799,UNEJ Mart
Turning To Shelf (54725),12,V0799,UNEJ Mart
Turning To Shelf (54755),12,V0799,UNEJ Mart
Turning To Shelf (54785),12,V0799,UNEJ Mart
Turning To Shelf (54815),12,V0799,UNEJ Mart
Turning To Shelf (54845),12,V0799,UNEJ Mart
Turning To Shelf (54875),12,V0799,UNEJ Mart
Turning To Shelf (54905),12,V0799,UNEJ Mart
Turning To Shelf (54909),12,V0800,UNEJ Mart
Turning To Shelf (54939),12,V0800,UNEJ Mart
Turning To Shelf (54969),12,V0800,UNEJ Mart
Turning To Shelf (54999),12,V0800,UNEJ Mart
Viewing (50675),12,V0801,UNEJ Mart
Viewing (50705),12,V0801,UNEJ Mart
Viewing (50735),12,V0801,UNEJ Mart
Viewing (50765),12,V0801,UNEJ Mart
Viewing (50795),12,V0801,UNEJ Mart
Viewing (50825),12,V0801,UNEJ Mart
Viewing (50855),12,V0801,UNEJ Mart
Viewing (50885),12,V0801,UNEJ Mart
Viewing (50915),12,V0801,UNEJ Mart
Viewing (50945),12,V0801,UNEJ Mart
Viewing (50975),12,V0801,UNEJ Mart
Viewing (51005),12,V0801,UNEJ Mart
Viewing (51035),12,V0801,UNEJ Mart
Viewing (51065),12,V0801,UNEJ Mart
Viewing (51095),12,V0801,UNEJ Mart
Viewing (51125),12,V0801,UNEJ Mart
Viewing (51155),12,V0801,UNEJ Mart
Viewing (51185),12,V0801,UNEJ Mart
No Interest (38468),13,V0759,KPRI Kalimantan
No Interest (38498),13,V0759,KPRI Kalimantan
No Interest (38528),13,V0759,KPRI Kalimantan
No Interest (38558),13,V0759,KPRI Kalimantan
No Interest (38588),13,V0759,KPRI Kalimantan
No Interest (38618),13,V0759,KPRI Kalimantan
No Interest (38923),13,V0761,KPRI Kalimantan
No Interest (38953),13,V0761,KPRI Kalimantan
No Interest (38983),13,V0761,KPRI Kalimantan
No Interest (39013),13,V0761,KPRI Kalimantan
No Interest (39043),13,V0761,KPRI Kalimantan
No Interest (39073),13,V0761,KPRI Kalimantan
No Interest (39103),13,V0761,KPRI Kalimantan
No Interest (39133),13,V0761,KPRI Kalimantan
No Interest (39163),13,V0761,KPRI Kalimantan
No Interest (39193),13,V0761,KPRI Kalimantan
No Interest (39223),13,V0761,KPRI Kalimantan
No Interest (39253),13,V0761,KPRI Kalimantan
No Interest (39283),13,V0761,KPRI Kalimantan
No Interest (39313),13,V0761,KPRI Kalimantan
No Interest (39343),13,V0761,KPRI Kalimantan
No Interest (39373),13,V0761,KPRI Kalimantan
No Interest (39403),13,V0761,KPRI Kalimantan
No Interest (39433),13,V0761,KPRI Kalimantan
No Interest (39463),13,V0761,KPRI Kalimantan
No Interest (39493),13,V0761,KPRI Kalimantan
No Interest (39523),13,V0761,KPRI Kalimantan
No Interest (39553),13,V0761,KPRI Kalimantan
No Interest (39583),13,V0761,KPRI Kalimantan
No Interest (39613),13,V0761,KPRI Kalimantan
No Interest (39643),13,V0761,KPRI Kalimantan
No Interest (39673),13,V0761,KPRI Kalimantan
No Interest (39703),13,V0761,KPRI Kalimantan
No Interest (39733),13,V0761,KPRI Kalimantan
No Interest (39763),13,V0761,KPRI Kalimantan
No Interest (39793),13,V0761,KPRI Kalimantan
Picking and Putting (35632),13,V0762,KPRI Kalimantan
Picking and Putting (35662),13,V0762,KPRI Kalimantan
Picking and Putting (35692),13,V0762,KPRI Kalimantan
Picking and Putting (35722),13,V0762,KPRI Kalimantan
Picking and Putting (35752),13,V0762,KPRI Kalimantan
Picking and Putting (35782),13,V0762,KPRI Kalimantan
Picking and Putting (35812),13,V0762,KPRI Kalimantan
Picking and Putting (35842),13,V0762,KPRI Kalimantan
Picking and Putting (35872),13,V0762,KPRI Kalimantan
Picking and Putting (35902),13,V0762,KPRI Kalimantan
Picking and Putting (35932),13,V0762,KPRI Kalimantan
Picking and Putting (35962),13,V0762,KPRI Kalimantan
Picking and Putting (35992),13,V0762,KPRI Kalimantan
Picking and Putting (36022),13,V0762,KPRI Kalimantan
Picking and Putting (36052),13,V0762,KPRI Kalimantan
Picking and Putting (36082),13,V0762,KPRI Kalimantan
Picking and Putting (36112),13,V0762,KPRI Kalimantan
Picking and Putting (36142),13,V0762,KPRI Kalimantan
Picking and Putting (36172),13,V0762,KPRI Kalimantan
Picking and Putting (36202),13,V0762,KPRI Kalimantan
Picking and Putting (36232),13,V0762,KPRI Kalimantan
Picking and Putting (36262),13,V0762,KPRI Kalimantan
Picking and Putting (36292),13,V0762,KPRI Kalimantan
Picking and Putting (36322),13,V0762,KPRI Kalimantan
Picking and Putting (36352),13,V0762,KPRI Kalimantan
Picking and Putting (36382),13,V0762,KPRI Kalimantan
Picking and Putting (36412),13,V0762,KPRI Kalimantan
Picking and Putting (36442),13,V0762,KPRI Kalimantan
Picking and Putting (36472),13,V0762,KPRI Kalimantan
Picking and Putting (36502),13,V0762,KPRI Kalimantan
Picking and Putting (36532),13,V0762,KPRI Kalimantan
Picking and Putting (36562),13,V0762,KPRI Kalimantan
Picking and Putting (36592),13,V0762,KPRI Kalimantan
Picking and Putting (36622),13,V0762,KPRI Kalimantan
Picking and Returning (55296),13,V0763,KPRI Kalimantan
Picking and Returning (55326),13,V0763,KPRI Kalimantan
Picking and Returning (55356),13,V0763,KPRI Kalimantan
Picking and Returning (55386),13,V0763,KPRI Kalimantan
Picking and Returning (55416),13,V0763,KPRI Kalimantan
Picking and Returning (55446),13,V0763,KPRI Kalimantan
Picking and Returning (55476),13,V0763,KPRI Kalimantan
Picking and Returning (55506),13,V0763,KPRI Kalimantan
Picking and Returning (55536),13,V0763,KPRI Kalimantan
Picking and Returning (55566),13,V0763,KPRI Kalimantan
Picking and Returning (55596),13,V0763,KPRI Kalimantan
Picking and Returning (55626),13,V0763,KPRI Kalimantan
Picking and Returning (55656),13,V0763,KPRI Kalimantan
Picking and Returning (55686),13,V0763,KPRI Kalimantan
Picking and Returning (55706),13,V0764,KPRI Kalimantan
Picking and Returning (55736),13,V0764,KPRI Kalimantan
Picking and Returning (55766),13,V0764,KPRI Kalimantan
Picking and Returning (55796),13,V0764,KPRI Kalimantan
Picking and Returning (55826),13,V0764,KPRI Kalimantan
Picking and Returning (55856),13,V0764,KPRI Kalimantan
Picking and Returning (55886),13,V0764,KPRI Kalimantan
Picking and Returning (55916),13,V0764,KPRI Kalimantan
Picking and Returning (55946),13,V0764,KPRI Kalimantan
Picking and Returning (55976),13,V0764,KPRI Kalimantan
Picking and Returning (56006),13,V0764,KPRI Kalimantan
Touching (53100),13,V0765,KPRI Kalimantan
Touching (53130),13,V0765,KPRI Kalimantan
Touching (53160),13,V0765,KPRI Kalimantan
Touching (53190),13,V0765,KPRI Kalimantan
Touching (53220),13,V0765,KPRI Kalimantan
Touching (53250),13,V0765,KPRI Kalimantan
Touching (53280),13,V0765,KPRI Kalimantan
Touching (53310),13,V0765,KPRI Kalimantan
Touching (53340),13,V0765,KPRI Kalimantan
Touching (53370),13,V0765,KPRI Kalimantan
Touching (53400),13,V0765,KPRI Kalimantan
Touching (53430),13,V0765,KPRI Kalimantan
Touching (53460),13,V0765,KPRI Kalimantan
Touching (53490),13,V0765,KPRI Kalimantan
Touching (53520),13,V0765,KPRI Kalimantan
Touching (53550),13,V0765,KPRI Kalimantan
Touching (53579),13,V0766,KPRI Kalimantan
Touching (53609),13,V0766,KPRI Kalimantan
Touching (53639),13,V0766,KPRI Kalimantan
Touching (53669),13,V0766,KPRI Kalimantan
Touching (53699),13,V0766,KPRI Kalimantan
Touching (53729),13,V0766,KPRI Kalimantan
Touching (53759),13,V0766,KPRI Kalimantan
Touching (53789),13,V0766,KPRI Kalimantan
Touching (53819),13,V0766,KPRI Kalimantan
Touching (53849),13,V0766,KPRI Kalimantan
Turning To Shelf (51637),13,V0767,KPRI Kalimantan
Turning To Shelf (51667),13,V0767,KPRI Kalimantan
Turning To Shelf (51697),13,V0767,KPRI Kalimantan
Turning To Shelf (51727),13,V0767,KPRI Kalimantan
Turning To Shelf (51757),13,V0767,KPRI Kalimantan
Turning To Shelf (51787),13,V0767,KPRI Kalimantan
Turning To Shelf (51817),13,V0767,KPRI Kalimantan
Turning To Shelf (51847),13,V0767,KPRI Kalimantan
Turning To Shelf (51861),13,V0768,KPRI Kalimantan
Turning To Shelf (51891),13,V0768,KPRI Kalimantan
Turning To Shelf (51921),13,V0768,KPRI Kalimantan
Turning To Shelf (51951),13,V0768,KPRI Kalimantan
Turning To Shelf (51981),13,V0768,KPRI Kalimantan
Turning To Shelf (52011),13,V0768,KPRI Kalimantan
Turning To Shelf (52041),13,V0768,KPRI Kalimantan
Turning To Shelf (52071),13,V0768,KPRI Kalimantan
Turning To Shelf (52101),13,V0768,KPRI Kalimantan
Turning To Shelf (52131),13,V0768,KPRI Kalimantan
Turning To Shelf (52161),13,V0768,KPRI Kalimantan
Turning To Shelf (52191),13,V0768,KPRI Kalimantan
Turning To Shelf (52221),13,V0768,KPRI Kalimantan
Turning To Shelf (52251),13,V0768,KPRI Kalimantan
Turning To Shelf (52281),13,V0768,KPRI Kalimantan
Turning To Shelf (52311),13,V0768,KPRI Kalimantan
Turning To Shelf (52341),13,V0768,KPRI Kalimantan
Turning To Shelf (52371),13,V0768,KPRI Kalimantan
Turning To Shelf (52401),13,V0768,KPRI Kalimantan
Turning To Shelf (52431),13,V0768,KPRI Kalimantan
Turning To Shelf (52461),13,V0768,KPRI Kalimantan
Turning To Shelf (52491),13,V0768,KPRI Kalimantan
Turning To Shelf (52521),13,V0768,KPRI Kalimantan
Turning To Shelf (52551),13,V0768,KPRI Kalimantan
Turning To Shelf (52581),13,V0768,KPRI Kalimantan
Turning To Shelf (52611),13,V0768,KPRI Kalimantan
Turning To Shelf (52641),13,V0768,KPRI Kalimantan
Turning To Shelf (52671),13,V0768,KPRI Kalimantan
Turning To Shelf (52701),13,V0768,KPRI Kalimantan
Turning To Shelf (52731),13,V0768,KPRI Kalimantan
Turning To Shelf (52761),13,V0768,KPRI Kalimantan
Turning To Shelf (52791),13,V0768,KPRI Kalimantan
Turning To Shelf (52821),13,V0768,KPRI Kalimantan
Turning To Shelf (52851),13,V0768,KPRI Kalimantan
Turning To Shelf (52881),13,V0768,KPRI Kalimantan
Turning To Shelf (52911),13,V0768,KPRI Kalimantan
Viewing (46874),13,V0769,KPRI Kalimantan
Viewing (46904),13,V0769,KPRI Kalimantan
Viewing (46934),13,V0769,KPRI Kalimantan
Viewing (46964),13,V0769,KPRI Kalimantan
Viewing (46994),13,V0769,KPRI Kalimantan
Viewing (47024),13,V0769,KPRI Kalimantan
Viewing (47054),13,V0769,KPRI Kalimantan
Viewing (47084),13,V0769,KPRI Kalimantan
Viewing (47112),13,V0770,KPRI Kalimantan
Viewing (47142),13,V0770,KPRI Kalimantan
Viewing (47172),13,V0770,KPRI Kalimantan
Viewing (47202),13,V0770,KPRI Kalimantan
Viewing (47232),13,V0770,KPRI Kalimantan
Viewing (47262),13,V0770,KPRI Kalimantan
Viewing (47292),13,V0770,KPRI Kalimantan
Viewing (47322),13,V0770,KPRI Kalimantan
Viewing (47352),13,V0770,KPRI Kalimantan
Viewing (47382),13,V0770,KPRI Kalimantan
Viewing (47412),13,V0770,KPRI Kalimantan
Viewing (47442),13,V0770,KPRI Kalimantan
Viewing (47472),13,V0770,KPRI Kalimantan
Viewing (47502),13,V0770,KPRI Kalimantan
Viewing (47532),13,V0770,KPRI Kalimantan
Viewing (47562),13,V0770,KPRI Kalimantan
Viewing (47592),13,V0770,KPRI Kalimantan
Viewing (47622),13,V0770,KPRI Kalimantan
Viewing (47652),13,V0770,KPRI Kalimantan
Viewing (47682),13,V0770,KPRI Kalimantan
Viewing (47712),13,V0770,KPRI Kalimantan
Viewing (47742),13,V0770,KPRI Kalimantan
Viewing (47772),13,V0770,KPRI Kalimantan
Viewing (47802),13,V0770,KPRI Kalimantan
Viewing (47806),13,V0771,KPRI Kalimantan
Viewing (47836),13,V0771,KPRI Kalimantan
Viewing (47866),13,V0771,KPRI Kalimantan
Viewing (47896),13,V0771,KPRI Kalimantan
Viewing (47926),13,V0771,KPRI Kalimantan
Viewing (47956),13,V0771,KPRI Kalimantan
Viewing (47986),13,V0771,KPRI Kalimantan
Viewing (48016),13,V0771,KPRI Kalimantan
Viewing (48046),13,V0771,KPRI Kalimantan
Viewing (48076),13,V0771,KPRI Kalimantan
Viewing (48106),13,V0771,KPRI Kalimantan
Viewing (48136),13,V0771,KPRI Kalimantan
Viewing (48166),13,V0771,KPRI Kalimantan
Viewing (48196),13,V0771,KPRI Kalimantan
Viewing (48226),13,V0771,KPRI Kalimantan
Viewing (48256),13,V0771,KPRI Kalimantan
Viewing (48286),13,V0771,KPRI Kalimantan
Viewing (48316),13,V0771,KPRI Kalimantan
No Interest (43871),14,V0820,KPRI Sumatera
No Interest (43901),14,V0820,KPRI Sumatera
No Interest (43931),14,V0820,KPRI Sumatera
No Interest (43961),14,V0820,KPRI Sumatera
No Interest (43991),14,V0820,KPRI Sumatera
No Interest (44021),14,V0820,KPRI Sumatera
No Interest (44051),14,V0820,KPRI Sumatera
No Interest (44081),14,V0820,KPRI Sumatera
No Interest (44111),14,V0820,KPRI Sumatera
No Interest (44137),14,V0821,KPRI Sumatera
No Interest (44167),14,V0821,KPRI Sumatera
No Interest (44197),14,V0821,KPRI Sumatera
No Interest (44227),14,V0821,KPRI Sumatera
No Interest (44257),14,V0821,KPRI Sumatera
No Interest (44287),14,V0821,KPRI Sumatera
No Interest (44317),14,V0821,KPRI Sumatera
No Interest (44347),14,V0821,KPRI Sumatera
No Interest (44377),14,V0821,KPRI Sumatera
No Interest (44407),14,V0821,KPRI Sumatera
No Interest (44437),14,V0821,KPRI Sumatera
No Interest (44467),14,V0821,KPRI Sumatera
No Interest (44497),14,V0821,KPRI Sumatera
No Interest (44527),14,V0821,KPRI Sumatera
No Interest (44557),14,V0821,KPRI Sumatera
No Interest (44572),14,V0822,KPRI Sumatera
No Interest (44602),14,V0822,KPRI Sumatera
No Interest (44632),14,V0822,KPRI Sumatera
No Interest (44662),14,V0822,KPRI Sumatera
No Interest (44692),14,V0822,KPRI Sumatera
No Interest (44722),14,V0822,KPRI Sumatera
No Interest (44752),14,V0822,KPRI Sumatera
No Interest (44782),14,V0822,KPRI Sumatera
No Interest (44812),14,V0822,KPRI Sumatera
No Interest (44842),14,V0822,KPRI Sumatera
No Interest (44872),14,V0822,KPRI Sumatera
No Interest (44902),14,V0822,KPRI Sumatera
No Interest (44932),14,V0822,KPRI Sumatera
No Interest (44962),14,V0822,KPRI Sumatera
No Interest (44985),14,V0823,KPRI Sumatera
No Interest (45015),14,V0823,KPRI Sumatera
No Interest (45045),14,V0823,KPRI Sumatera
No Interest (45075),14,V0823,KPRI Sumatera
No Interest (45105),14,V0823,KPRI Sumatera
No Interest (45135),14,V0823,KPRI Sumatera
No Interest (45165),14,V0823,KPRI Sumatera
No Interest (45195),14,V0823,KPRI Sumatera
No Interest (45225),14,V0823,KPRI Sumatera
No Interest (45255),14,V0823,KPRI Sumatera
No Interest (45285),14,V0823,KPRI Sumatera
No Interest (45315),14,V0823,KPRI Sumatera
No Interest (45345),14,V0823,KPRI Sumatera
No Interest (45375),14,V0823,KPRI Sumatera
No Interest (45405),14,V0823,KPRI Sumatera
No Interest (45435),14,V0823,KPRI Sumatera
No Interest (45465),14,V0823,KPRI Sumatera
No Interest (45495),14,V0823,KPRI Sumatera
No Interest (45525),14,V0823,KPRI Sumatera
No Interest (45555),14,V0823,KPRI Sumatera
No Interest (45585),14,V0823,KPRI Sumatera
No Interest (45615),14,V0823,KPRI Sumatera
No Interest (45645),14,V0823,KPRI Sumatera
No Interest (45675),14,V0823,KPRI Sumatera
No Interest (45705),14,V0823,KPRI Sumatera
No Interest (45735),14,V0823,KPRI Sumatera
No Interest (45765),14,V0823,KPRI Sumatera
No Interest (45795),14,V0823,KPRI Sumatera
No Interest (45825),14,V0823,KPRI Sumatera
No Interest (45855),14,V0823,KPRI Sumatera
No Interest (45885),14,V0823,KPRI Sumatera
No Interest (45915),14,V0823,KPRI Sumatera
No Interest (45945),14,V0823,KPRI Sumatera
No Interest (45975),14,V0823,KPRI Sumatera
No Interest (46005),14,V0823,KPRI Sumatera
No Interest (46035),14,V0823,KPRI Sumatera
No Interest (46065),14,V0823,KPRI Sumatera
No Interest (46095),14,V0823,KPRI Sumatera
No Interest (46125),14,V0823,KPRI Sumatera
No Interest (46155),14,V0823,KPRI Sumatera
No Interest (46185),14,V0823,KPRI Sumatera
No Interest (46215),14,V0823,KPRI Sumatera
No Interest (46245),14,V0823,KPRI Sumatera
No Interest (46275),14,V0823,KPRI Sumatera
No Interest (46305),14,V0823,KPRI Sumatera
No Interest (46335),14,V0823,KPRI Sumatera
No Interest (46365),14,V0823,KPRI Sumatera
No Interest (46395),14,V0823,KPRI Sumatera
No Interest (46425),14,V0823,KPRI Sumatera
No Interest (46455),14,V0823,KPRI Sumatera
Viewing (52718),14,V0824,KPRI Sumatera
Viewing (52748),14,V0824,KPRI Sumatera
Viewing (52778),14,V0824,KPRI Sumatera
Viewing (52808),14,V0824,KPRI Sumatera
Viewing (52838),14,V0824,KPRI Sumatera
Viewing (52868),14,V0824,KPRI Sumatera
Viewing (52898),14,V0824,KPRI Sumatera
Viewing (52928),14,V0824,KPRI Sumatera
Viewing (52958),14,V0824,KPRI Sumatera
Viewing (52988),14,V0824,KPRI Sumatera
Viewing (53018),14,V0824,KPRI Sumatera
Viewing (53253),14,V0826,KPRI Sumatera
Viewing (53283),14,V0826,KPRI Sumatera
Viewing (53313),14,V0826,KPRI Sumatera
Viewing (53343),14,V0826,KPRI Sumatera
Viewing (53373),14,V0826,KPRI Sumatera
Viewing (53387),14,V0827,KPRI Sumatera
Viewing (53417),14,V0827,KPRI Sumatera
Viewing (53447),14,V0827,KPRI Sumatera
Viewing (53477),14,V0827,KPRI Sumatera
Viewing (53507),14,V0827,KPRI Sumatera
Viewing (53537),14,V0827,KPRI Sumatera
Viewing (53567),14,V0827,KPRI Sumatera
Viewing (53597),14,V0827,KPRI Sumatera
Viewing (53627),14,V0827,KPRI Sumatera
Viewing (53657),14,V0827,KPRI Sumatera
Viewing (53687),14,V0827,KPRI Sumatera
Viewing (53717),14,V0827,KPRI Sumatera
Viewing (53747),14,V0827,KPRI Sumatera
Viewing (53777),14,V0827,KPRI Sumatera
Viewing (53807),14,V0827,KPRI Sumatera
Viewing (53837),14,V0827,KPRI Sumatera
Viewing (53844),14,V0828,KPRI Sumatera
Viewing (53874),14,V0828,KPRI Sumatera
Viewing (53904),14,V0828,KPRI Sumatera
Viewing (53934),14,V0828,KPRI Sumatera
Viewing (53964),14,V0828,KPRI Sumatera
Viewing (53976),14,V0829,KPRI Sumatera
Viewing (54006),14,V0829,KPRI Sumatera
Viewing (54036),14,V0829,KPRI Sumatera
Viewing (54066),14,V0829,KPRI Sumatera
Viewing (54096),14,V0829,KPRI Sumatera
Viewing (54126),14,V0829,KPRI Sumatera
Viewing (54156),14,V0829,KPRI Sumatera
Viewing (54186),14,V0829,KPRI Sumatera
Viewing (54216),14,V0829,KPRI Sumatera
Viewing (54246),14,V0829,KPRI Sumatera
Viewing (54276),14,V0829,KPRI Sumatera
Viewing (54306),14,V0829,KPRI Sumatera
Viewing (54336),14,V0829,KPRI Sumatera
Viewing (54366),14,V0829,KPRI Sumatera
Viewing (54396),14,V0829,KPRI Sumatera
Viewing (54426),14,V0829,KPRI Sumatera
Viewing (54456),14,V0829,KPRI Sumatera
Viewing (54486),14,V0829,KPRI Sumatera
Viewing (54516),14,V0829,KPRI Sumatera
Viewing (54546),14,V0829,KPRI Sumatera
Viewing (54576),14,V0829,KPRI Sumatera
Viewing (54606),14,V0829,KPRI Sumatera
Viewing (54636),14,V0829,KPRI Sumatera
Turning To Shelf (57277),14,V0830,KPRI Sumatera
Turning To Shelf (57307),14,V0830,KPRI Sumatera
Turning To Shelf (57337),14,V0830,KPRI Sumatera
Turning To Shelf (57367),14,V0830,KPRI Sumatera
Turning To Shelf (57397),14,V0830,KPRI Sumatera
Turning To Shelf (57427),14,V0830,KPRI Sumatera
Turning To Shelf (57457),14,V0830,KPRI Sumatera
Turning To Shelf (57487),14,V0830,KPRI Sumatera
Turning To Shelf (57517),14,V0830,KPRI Sumatera
Turning To Shelf (57547),14,V0830,KPRI Sumatera
Turning To Shelf (57577),14,V0830,KPRI Sumatera
Turning To Shelf (57607),14,V0830,KPRI Sumatera
Turning To Shelf (57637),14,V0830,KPRI Sumatera
Turning To Shelf (57667),14,V0830,KPRI Sumatera
Turning To Shelf (57697),14,V0830,KPRI Sumatera
Turning To Shelf (57727),14,V0830,KPRI Sumatera
Turning To Shelf (57757),14,V0830,KPRI Sumatera
Turning To Shelf (57787),14,V0830,KPRI Sumatera
Turning To Shelf (57817),14,V0830,KPRI Sumatera
Turning To Shelf (57847),14,V0830,KPRI Sumatera
Turning To Shelf (57877),14,V0830,KPRI Sumatera
Turning To Shelf (57907),14,V0830,KPRI Sumatera
Turning To Shelf (57937),14,V0830,KPRI Sumatera
Turning To Shelf (57967),14,V0830,KPRI Sumatera
Turning To Shelf (57997),14,V0830,KPRI Sumatera
Turning To Shelf (58027),14,V0830,KPRI Sumatera
Turning To Shelf (58057),14,V0830,KPRI Sumatera
Turning To Shelf (58084),14,V0831,KPRI Sumatera
Turning To Shelf (58114),14,V0831,KPRI Sumatera
Turning To Shelf (58144),14,V0831,KPRI Sumatera
Turning To Shelf (58174),14,V0831,KPRI Sumatera
Turning To Shelf (58204),14,V0831,KPRI Sumatera
Turning To Shelf (58234),14,V0831,KPRI Sumatera
Turning To Shelf (58264),14,V0831,KPRI Sumatera
Turning To Shelf (58294),14,V0831,KPRI Sumatera
Turning To Shelf (58324),14,V0831,KPRI Sumatera
Turning To Shelf (58354),14,V0831,KPRI Sumatera
Turning To Shelf (58384),14,V0831,KPRI Sumatera
Turning To Shelf (58414),14,V0831,KPRI Sumatera
Turning To Shelf (58444),14,V0831,KPRI Sumatera
Turning To Shelf (58474),14,V0831,KPRI Sumatera
Turning To Shelf (58504),14,V0831,KPRI Sumatera
Turning To Shelf (58534),14,V0831,KPRI Sumatera
Turning To Shelf (58564),14,V0831,KPRI Sumatera
Turning To Shelf (58594),14,V0831,KPRI Sumatera
Turning To Shelf (58624),14,V0831,KPRI Sumatera
Turning To Shelf (58654),14,V0831,KPRI Sumatera
Turning To Shelf (58684),14,V0831,KPRI Sumatera
Turning To Shelf (58714),14,V0831,KPRI Sumatera
Turning To Shelf (58744),14,V0831,KPRI Sumatera
Turning To Shelf (58774),14,V0831,KPRI Sumatera
Turning To Shelf (58804),14,V0831,KPRI Sumatera
Turning To Shelf (58834),14,V0831,KPRI Sumatera
Turning To Shelf (58864),14,V0831,KPRI Sumatera
Turning To Shelf (58894),14,V0831,KPRI Sumatera
Turning To Shelf (58924),14,V0831,KPRI Sumatera
Turning To Shelf (58947),14,V0832,KPRI Sumatera
Turning To Shelf (58977),14,V0832,KPRI Sumatera
Turning To Shelf (59007),14,V0832,KPRI Sumatera
Turning To Shelf (59037),14,V0832,KPRI Sumatera
Turning To Shelf (59067),14,V0832,KPRI Sumatera
Turning To Shelf (59097),14,V0832,KPRI Sumatera
Turning To Shelf (59127),14,V0832,KPRI Sumatera
Turning To Shelf (59157),14,V0832,KPRI Sumatera
Turning To Shelf (59187),14,V0832,KPRI Sumatera
Turning To Shelf (59217),14,V0832,KPRI Sumatera
Turning To Shelf (59247),14,V0832,KPRI Sumatera
Turning To Shelf (59277),14,V0832,KPRI Sumatera
Turning To Shelf (59307),14,V0832,KPRI Sumatera
Turning To Shelf (59337),14,V0832,KPRI Sumatera
Turning To Shelf (59367),14,V0832,KPRI Sumatera
Turning To Shelf (59397),14,V0832,KPRI Sumatera
Turning To Shelf (59427),14,V0832,KPRI Sumatera
Turning To Shelf (59457),14,V0832,KPRI Sumatera
Turning To Shelf (59487),14,V0832,KPRI Sumatera
Touching (60446),14,V0833,KPRI Sumatera
Touching (60476),14,V0833,KPRI Sumatera
Touching (60506),14,V0833,KPRI Sumatera
Touching (60536),14,V0833,KPRI Sumatera
Touching (60566),14,V0833,KPRI Sumatera
Touching (60596),14,V0833,KPRI Sumatera
Touching (60626),14,V0833,KPRI Sumatera
Touching (60656),14,V0833,KPRI Sumatera
Touching (60686),14,V0833,KPRI Sumatera
Touching (60716),14,V0833,KPRI Sumatera
Touching (60746),14,V0833,KPRI Sumatera
Touching (60776),14,V0833,KPRI Sumatera
Touching (60806),14,V0833,KPRI Sumatera
Touching (60836),14,V0833,KPRI Sumatera
Touching (60866),14,V0833,KPRI Sumatera
Touching (60896),14,V0833,KPRI Sumatera
Touching (60926),14,V0833,KPRI Sumatera
Touching (60956),14,V0833,KPRI Sumatera
Touching (60986),14,V0833,KPRI Sumatera
Touching (61016),14,V0833,KPRI Sumatera
Touching (61046),14,V0833,KPRI Sumatera
Touching (61048),14,V0834,KPRI Sumatera
Touching (61078),14,V0834,KPRI Sumatera
Touching (61108),14,V0834,KPRI Sumatera
Touching (61138),14,V0834,KPRI Sumatera
Touching (61168),14,V0834,KPRI Sumatera
Touching (61198),14,V0834,KPRI Sumatera
Touching (61228),14,V0834,KPRI Sumatera
Touching (61258),14,V0834,KPRI Sumatera
Touching (61288),14,V0834,KPRI Sumatera
Touching (61318),14,V0834,KPRI Sumatera
Touching (61326),14,V0835,KPRI Sumatera
Touching (61356),14,V0835,KPRI Sumatera
Touching (61386),14,V0835,KPRI Sumatera
Touching (61416),14,V0835,KPRI Sumatera
Touching (61446),14,V0835,KPRI Sumatera
Touching (61476),14,V0835,KPRI Sumatera
Touching (61506),14,V0835,KPRI Sumatera
Touching (61536),14,V0835,KPRI Sumatera
Touching (61566),14,V0835,KPRI Sumatera
Touching (61596),14,V0835,KPRI Sumatera
Touching (61626),14,V0835,KPRI Sumatera
Touching (61656),14,V0835,KPRI Sumatera
Touching (61686),14,V0835,KPRI Sumatera
Touching (61716),14,V0835,KPRI Sumatera
Touching (61746),14,V0835,KPRI Sumatera
Touching (61776),14,V0835,KPRI Sumatera
Touching (61806),14,V0835,KPRI Sumatera
Touching (61836),14,V0835,KPRI Sumatera
Touching (61866),14,V0835,KPRI Sumatera
Touching (61896),14,V0835,KPRI Sumatera
Touching (61926),14,V0835,KPRI Sumatera
Touching (61956),14,V0835,KPRI Sumatera
Touching (61986),14,V0835,KPRI Sumatera
Touching (62003),14,V0836,KPRI Sumatera
Touching (62033),14,V0836,KPRI Sumatera
Touching (62063),14,V0836,KPRI Sumatera
Touching (62093),14,V0836,KPRI Sumatera
Touching (62123),14,V0836,KPRI Sumatera
Touching (62153),14,V0836,KPRI Sumatera
Touching (62183),14,V0836,KPRI Sumatera
Touching (62213),14,V0836,KPRI Sumatera
Touching (62243),14,V0836,KPRI Sumatera
Touching (62273),14,V0836,KPRI Sumatera
Touching (62303),14,V0836,KPRI Sumatera
Touching (62333),14,V0836,KPRI Sumatera
Touching (62363),14,V0836,KPRI Sumatera
Touching (62393),14,V0836,KPRI Sumatera
Touching (62423),14,V0836,KPRI Sumatera
Touching (62453),14,V0836,KPRI Sumatera
Touching (62483),14,V0836,KPRI Sumatera
Picking and Returning (65931),14,V0837,KPRI Sumatera
Picking and Returning (65961),14,V0837,KPRI Sumatera
Picking and Returning (65991),14,V0837,KPRI Sumatera
Picking and Returning (66021),14,V0837,KPRI Sumatera
Picking and Returning (66051),14,V0837,KPRI Sumatera
Picking and Returning (66081),14,V0837,KPRI Sumatera
Picking and Returning (66111),14,V0837,KPRI Sumatera
Picking and Returning (66141),14,V0837,KPRI Sumatera
Picking and Returning (66171),14,V0837,KPRI Sumatera
Picking and Returning (66201),14,V0837,KPRI Sumatera
Picking and Returning (66231),14,V0837,KPRI Sumatera
Picking and Returning (66261),14,V0837,KPRI Sumatera
Picking and Returning (66291),14,V0837,KPRI Sumatera
Picking and Returning (66321),14,V0837,KPRI Sumatera
Picking and Returning (66351),14,V0837,KPRI Sumatera
Picking and Returning (66381),14,V0837,KPRI Sumatera
Picking and Returning (66411),14,V0837,KPRI Sumatera
Picking and Returning (66441),14,V0837,KPRI Sumatera
Picking and Returning (66471),14,V0837,KPRI Sumatera
Picking and Returning (66501),14,V0837,KPRI Sumatera
Picking and Returning (66531),14,V0837,KPRI Sumatera
Picking and Returning (66561),14,V0837,KPRI Sumatera
Picking and Returning (66591),14,V0837,KPRI Sumatera
Picking and Returning (66621),14,V0837,KPRI Sumatera
Picking and Returning (66651),14,V0837,KPRI Sumatera
Picking and Returning (66681),14,V0837,KPRI Sumatera
Picking and Returning (66692),14,V0838,KPRI Sumatera
Picking and Returning (66722),14,V0838,KPRI Sumatera
Picking and Returning (66752),14,V0838,KPRI Sumatera
Picking and Returning (66782),14,V0838,KPRI Sumatera
Picking and Returning (66812),14,V0838,KPRI Sumatera
Picking and Returning (66842),14,V0838,KPRI Sumatera
Picking and Returning (66872),14,V0838,KPRI Sumatera
Picking and Returning (66902),14,V0838,KPRI Sumatera
Picking and Returning (66932),14,V0838,KPRI Sumatera
Picking and Returning (66962),14,V0838,KPRI Sumatera
Picking and Returning (66992),14,V0838,KPRI Sumatera
Picking and Returning (67022),14,V0838,KPRI Sumatera
Picking and Returning (67052),14,V0838,KPRI Sumatera
Picking and Putting (41644),14,V0839,KPRI Sumatera
Picking and Putting (41674),14,V0839,KPRI Sumatera
Picking and Putting (41704),14,V0839,KPRI Sumatera
Picking and Putting (41734),14,V0839,KPRI Sumatera
Picking and Putting (41764),14,V0839,KPRI Sumatera
Picking and Putting (41794),14,V0839,KPRI Sumatera
Picking and Putting (41824),14,V0839,KPRI Sumatera
Picking and Putting (41854),14,V0839,KPRI Sumatera
Picking and Putting (41884),14,V0839,KPRI Sumatera
Picking and Putting (41914),14,V0839,KPRI Sumatera
Picking and Putting (41944),14,V0839,KPRI Sumatera
Picking and Putting (41974),14,V0839,KPRI Sumatera
Picking and Putting (42004),14,V0839,KPRI Sumatera
Picking and Putting (42034),14,V0839,KPRI Sumatera
Picking and Putting (42064),14,V0839,KPRI Sumatera
Picking and Putting (42094),14,V0839,KPRI Sumatera
Picking and Putting (42124),14,V0839,KPRI Sumatera
Picking and Putting (42154),14,V0839,KPRI Sumatera
Picking and Putting (42184),14,V0839,KPRI Sumatera
Picking and Putting (42214),14,V0839,KPRI Sumatera
Picking and Putting (42244),14,V0839,KPRI Sumatera
Picking and Putting (42274),14,V0839,KPRI Sumatera
Picking and Putting (42304),14,V0839,KPRI Sumatera
Picking and Putting (42334),14,V0839,KPRI Sumatera
Picking and Putting (42364),14,V0839,KPRI Sumatera
